steps,actions,rewards,states,agent_positions,transit_status,water_levels,fire_levels,final_destinations,transit_targets
0,"[1, 9, 9]",0.0,"[2.0, 5.0, 3.0, 5.0, 7.0, 1.0, 2.0, 5.0, 3.0, 5.0, 7.0, 1.0, 2.0, 5.0, 3.0, 5.0, 7.0, 1.0, 8.0, 8.0, 8.0, 10.0, 10.0, 10.0, 50.0, 30.0, 40.0, 50.0, 45.0, 0.0, 0.0, 0.0, 0.0, 0.0, 0.0, 0.0, 0.0, 0.0, 0.0, 0.0, 0.0, 0.0, 0.0, 0.0, 0.0, 0.0, 0.0, 0.0, 0.0, 0.0, 0.0, 0.0, 0.0, 0.0, 0.0, 0.0, 0.0, 0.0, 0.0, 0.0, 0.0, 0.0, 0.0, 0.0, 0.0, 0.0, 0.0, 0.0, 0.0, 0.0, 0.0, 0.0, 0.0, 0.0, 0.0, 0.0, 0.0, 0.0, 0.0, 0.0, 0.0, 0.0, 0.0, 0.0, 0.0, 0.0, 0.0, 0.0, 0.0, 0.0, 0.0, 0.0]","['starter_0', 'starter_0', 'starter_0']","[False, False, False]","[10, 10, 10]","[50, 30, 40, 50, 45]","['None', 'None', 'None']","['None', 'None', 'None']"
1,"[1, 9, 9]",0.0,"[2.0, 5.0, 3.0, 5.0, 7.0, 1.0, 2.0, 5.0, 3.0, 5.0, 7.0, 1.0, 2.0, 5.0, 3.0, 5.0, 7.0, 1.0, 8.0, 8.0, 8.0, 10.0, 10.0, 10.0, 50.0, 30.0, 40.0, 50.0, 45.0, 0.0, 1.0, 0.0, 0.0, 0.0, 0.0, 0.0, 0.0, 0.0, 0.0, 0.0, 0.0, 0.0, 0.0, 0.0, 0.0, 0.0, 0.0, 0.0, 1.0, 0.0, 0.0, 0.0, 0.0, 0.0, 0.0, 0.0, 0.0, 0.0, 1.0, 1.0, 0.0, 0.0, 0.0, 0.0, 0.0, 0.0, 0.0, 0.0, 0.0, 0.0, 0.0, 0.0, 0.0, 0.0, 1.0, 0.0, 0.0, 0.0, 0.0, 0.0, 0.0, 0.0, 0.0, 0.0, 1.0, 0.0, 0.0, 0.0, 0.0, 1.0, 1.0, 1.0]","['starter_0', 'starter_0', 'starter_0']","[True, True, True]","[10, 10, 10]","[50, 30, 40, 50, 45]","['fire_1', 'starter_1', 'starter_1']","['fire_0', 'depot_0', 'depot_0']"
2,"[1, 9, 9]",0.0,"[2.0, 5.0, 3.0, 5.0, 7.0, 1.0, 3.0, 4.0, 2.0, 4.0, 6.0, 0.0, 3.0, 4.0, 2.0, 4.0, 6.0, 0.0, 8.0, 5.0, 5.0, 10.0, 10.0, 10.0, 50.0, 30.0, 40.0, 50.0, 45.0, 0.0, 1.0, 0.0, 0.0, 0.0, 0.0, 0.0, 0.0, 0.0, 0.0, 0.0, 0.0, 0.0, 0.0, 0.0, 0.0, 0.0, 0.0, 0.0, 1.0, 0.0, 0.0, 0.0, 0.0, 0.0, 0.0, 0.0, 0.0, 0.0, 1.0, 1.0, 0.0, 0.0, 0.0, 0.0, 0.0, 0.0, 0.0, 0.0, 0.0, 0.0, 0.0, 0.0, 0.0, 0.0, 0.0, 1.0, 0.0, 0.0, 0.0, 0.0, 0.0, 0.0, 0.0, 0.0, 0.0, 1.0, 0.0, 0.0, 0.0, 1.0, 1.0, 1.0]","['starter_0', 'depot_0', 'depot_0']","[True, True, True]","[10, 10, 10]","[50, 30, 40, 50, 45]","['fire_1', 'starter_1', 'starter_1']","['fire_0', 'depot_1', 'depot_1']"
3,"[1, 9, 9]",0.0,"[0.0, 3.0, 5.0, 5.0, 7.0, 3.0, 3.0, 4.0, 2.0, 4.0, 6.0, 0.0, 3.0, 4.0, 2.0, 4.0, 6.0, 0.0, 0.0, 5.0, 5.0, 10.0, 10.0, 10.0, 50.0, 30.0, 40.0, 50.0, 45.0, 0.0, 1.0, 0.0, 0.0, 0.0, 0.0, 0.0, 0.0, 0.0, 0.0, 0.0, 0.0, 0.0, 0.0, 0.0, 0.0, 0.0, 0.0, 0.0, 1.0, 0.0, 0.0, 0.0, 0.0, 0.0, 0.0, 0.0, 0.0, 0.0, 1.0, 0.0, 1.0, 0.0, 0.0, 0.0, 0.0, 0.0, 0.0, 0.0, 0.0, 0.0, 0.0, 0.0, 0.0, 0.0, 0.0, 1.0, 0.0, 0.0, 0.0, 0.0, 0.0, 0.0, 0.0, 0.0, 0.0, 1.0, 0.0, 0.0, 0.0, 1.0, 1.0, 1.0]","['fire_0', 'depot_0', 'depot_0']","[True, True, True]","[10, 10, 10]","[50, 30, 40, 50, 45]","['fire_1', 'starter_1', 'starter_1']","['fire_1', 'depot_1', 'depot_1']"
4,"[1, 9, 9]",0.0,"[0.0, 3.0, 5.0, 5.0, 7.0, 3.0, 3.0, 4.0, 2.0, 4.0, 6.0, 0.0, 3.0, 4.0, 2.0, 4.0, 6.0, 0.0, 0.0, 5.0, 5.0, 10.0, 10.0, 10.0, 50.0, 30.0, 40.0, 50.0, 45.0, 0.0, 1.0, 0.0, 0.0, 0.0, 0.0, 0.0, 0.0, 0.0, 0.0, 0.0, 0.0, 0.0, 0.0, 0.0, 0.0, 0.0, 0.0, 0.0, 1.0, 0.0, 0.0, 0.0, 0.0, 0.0, 0.0, 0.0, 0.0, 0.0, 1.0, 0.0, 1.0, 0.0, 0.0, 0.0, 0.0, 0.0, 0.0, 0.0, 0.0, 0.0, 0.0, 0.0, 0.0, 0.0, 0.0, 1.0, 0.0, 0.0, 0.0, 0.0, 0.0, 0.0, 0.0, 0.0, 0.0, 1.0, 0.0, 0.0, 0.0, 1.0, 1.0, 1.0]","['fire_0', 'depot_0', 'depot_0']","[True, True, True]","[10, 10, 10]","[50, 30, 40, 50, 45]","['fire_1', 'starter_1', 'starter_1']","['fire_1', 'depot_1', 'depot_1']"
5,"[1, 9, 9]",5.0,"[0.0, 3.0, 5.0, 5.0, 7.0, 3.0, 6.0, 3.0, 5.0, 3.0, 5.0, 0.0, 6.0, 3.0, 5.0, 3.0, 5.0, 0.0, 0.0, 6.0, 6.0, 10.0, 10.0, 10.0, 50.0, 30.0, 40.0, 50.0, 45.0, 0.0, 1.0, 0.0, 0.0, 0.0, 0.0, 0.0, 0.0, 0.0, 0.0, 0.0, 0.0, 0.0, 0.0, 0.0, 0.0, 0.0, 0.0, 0.0, 1.0, 0.0, 0.0, 0.0, 0.0, 0.0, 0.0, 0.0, 0.0, 0.0, 1.0, 0.0, 1.0, 0.0, 0.0, 0.0, 0.0, 0.0, 0.0, 0.0, 0.0, 0.0, 0.0, 0.0, 0.0, 0.0, 0.0, 0.0, 0.0, 0.0, 1.0, 0.0, 0.0, 0.0, 0.0, 0.0, 0.0, 0.0, 0.0, 0.0, 1.0, 1.0, 1.0, 1.0]","['fire_0', 'depot_1', 'depot_1']","[True, True, True]","[10, 10, 10]","[50, 30, 40, 50, 45]","['fire_1', 'starter_1', 'starter_1']","['fire_1', 'starter_1', 'starter_1']"
6,"[6, 2, 4]",0.0,"[3.0, 0.0, 2.0, 4.0, 6.0, 3.0, 5.0, 2.0, 4.0, 4.0, 6.0, 1.0, 5.0, 2.0, 4.0, 4.0, 6.0, 1.0, 1.0, 9.0, 9.0, 0.0, 10.0, 10.0, 50.0, 20.0, 40.0, 50.0, 45.0, 0.0, 0.0, 0.0, 0.0, 0.0, 0.0, 0.0, 0.0, 0.0, 0.0, 0.0, 0.0, 0.0, 0.0, 0.0, 0.0, 0.0, 0.0, 0.0, 0.0, 0.0, 0.0, 0.0, 0.0, 0.0, 0.0, 0.0, 0.0, 0.0, 0.0, 0.0, 0.0, 0.0, 0.0, 0.0, 0.0, 0.0, 0.0, 0.0, 0.0, 0.0, 0.0, 0.0, 0.0, 0.0, 0.0, 0.0, 0.0, 0.0, 0.0, 0.0, 0.0, 0.0, 0.0, 0.0, 0.0, 0.0, 0.0, 0.0, 0.0, 0.0, 0.0, 0.0]","['fire_1', 'starter_1', 'starter_1']","[False, False, False]","[0, 10, 10]","[50, 20, 40, 50, 45]","['None', 'None', 'None']","['None', 'None', 'None']"
7,"[6, 2, 4]",0.0,"[3.0, 0.0, 2.0, 4.0, 6.0, 3.0, 5.0, 2.0, 4.0, 4.0, 6.0, 1.0, 5.0, 2.0, 4.0, 4.0, 6.0, 1.0, 1.0, 9.0, 9.0, 0.0, 10.0, 10.0, 50.0, 20.0, 40.0, 50.0, 45.0, 0.0, 0.0, 0.0, 0.0, 0.0, 0.0, 1.0, 0.0, 0.0, 0.0, 0.0, 0.0, 1.0, 0.0, 0.0, 0.0, 0.0, 0.0, 0.0, 0.0, 0.0, 0.0, 0.0, 0.0, 1.0, 0.0, 0.0, 0.0, 0.0, 0.0, 0.0, 0.0, 0.0, 0.0, 0.0, 0.0, 0.0, 0.0, 0.0, 1.0, 0.0, 1.0, 0.0, 0.0, 0.0, 0.0, 0.0, 0.0, 0.0, 0.0, 0.0, 0.0, 0.0, 0.0, 0.0, 0.0, 1.0, 0.0, 0.0, 0.0, 1.0, 1.0, 1.0]","['fire_1', 'starter_1', 'starter_1']","[True, True, True]","[0, 10, 10]","[50, 20, 40, 50, 45]","['depot_1', 'fire_2', 'fire_4']","['starter_1', 'fire_1', 'depot_1']"
8,"[6, 2, 4]",0.0,"[3.0, 0.0, 2.0, 4.0, 6.0, 3.0, 5.0, 2.0, 4.0, 4.0, 6.0, 1.0, 6.0, 3.0, 5.0, 3.0, 5.0, 0.0, 1.0, 9.0, 6.0, 0.0, 10.0, 10.0, 50.0, 20.0, 40.0, 50.0, 45.0, 0.0, 0.0, 0.0, 0.0, 0.0, 0.0, 1.0, 0.0, 0.0, 0.0, 0.0, 0.0, 1.0, 0.0, 0.0, 0.0, 0.0, 0.0, 0.0, 0.0, 0.0, 0.0, 0.0, 0.0, 1.0, 0.0, 0.0, 0.0, 0.0, 0.0, 0.0, 0.0, 0.0, 0.0, 0.0, 0.0, 0.0, 0.0, 0.0, 1.0, 0.0, 1.0, 0.0, 0.0, 0.0, 0.0, 0.0, 0.0, 0.0, 0.0, 0.0, 0.0, 0.0, 1.0, 0.0, 0.0, 0.0, 0.0, 0.0, 0.0, 1.0, 1.0, 1.0]","['fire_1', 'starter_1', 'depot_1']","[True, True, True]","[0, 10, 10]","[50, 20, 40, 50, 45]","['depot_1', 'fire_2', 'fire_4']","['starter_1', 'fire_1', 'fire_3']"
9,"[6, 2, 4]",5.0,"[5.0, 2.0, 4.0, 4.0, 6.0, 1.0, 3.0, 0.0, 2.0, 4.0, 6.0, 3.0, 6.0, 3.0, 5.0, 3.0, 5.0, 0.0, 9.0, 1.0, 6.0, 0.0, 10.0, 10.0, 50.0, 20.0, 40.0, 50.0, 45.0, 0.0, 0.0, 0.0, 0.0, 0.0, 0.0, 1.0, 0.0, 0.0, 0.0, 0.0, 0.0, 1.0, 0.0, 0.0, 0.0, 0.0, 0.0, 0.0, 0.0, 0.0, 0.0, 0.0, 0.0, 1.0, 0.0, 0.0, 0.0, 0.0, 0.0, 0.0, 0.0, 0.0, 0.0, 0.0, 0.0, 1.0, 0.0, 0.0, 0.0, 0.0, 0.0, 1.0, 0.0, 0.0, 0.0, 0.0, 0.0, 0.0, 0.0, 0.0, 0.0, 0.0, 1.0, 0.0, 0.0, 0.0, 0.0, 0.0, 0.0, 1.0, 1.0, 1.0]","['starter_1', 'fire_1', 'depot_1']","[True, True, True]","[0, 10, 10]","[50, 20, 40, 50, 45]","['depot_1', 'fire_2', 'fire_4']","['depot_1', 'fire_2', 'fire_3']"
10,"[2, 2, 4]",5.0,"[6.0, 3.0, 5.0, 3.0, 5.0, 0.0, 3.0, 0.0, 2.0, 4.0, 6.0, 3.0, 6.0, 3.0, 5.0, 3.0, 5.0, 0.0, 6.0, 1.0, 6.0, 10.0, 10.0, 10.0, 50.0, 20.0, 40.0, 50.0, 45.0, 0.0, 0.0, 0.0, 0.0, 0.0, 0.0, 0.0, 0.0, 0.0, 0.0, 0.0, 0.0, 1.0, 0.0, 0.0, 0.0, 0.0, 0.0, 0.0, 0.0, 0.0, 0.0, 0.0, 0.0, 1.0, 0.0, 0.0, 0.0, 0.0, 0.0, 0.0, 0.0, 0.0, 0.0, 0.0, 0.0, 0.0, 0.0, 0.0, 0.0, 0.0, 0.0, 1.0, 0.0, 0.0, 0.0, 0.0, 0.0, 0.0, 0.0, 0.0, 0.0, 0.0, 1.0, 0.0, 0.0, 0.0, 0.0, 0.0, 0.0, 0.0, 1.0, 1.0]","['depot_1', 'fire_1', 'depot_1']","[False, True, True]","[10, 10, 10]","[50, 20, 40, 50, 45]","['None', 'fire_2', 'fire_4']","['None', 'fire_2', 'fire_3']"
11,"[2, 5, 4]",0.0,"[6.0, 3.0, 5.0, 3.0, 5.0, 0.0, 5.0, 2.0, 0.0, 2.0, 4.0, 2.0, 5.0, 4.0, 2.0, 0.0, 2.0, 3.0, 6.0, 2.0, 3.0, 10.0, 0.0, 10.0, 50.0, 20.0, 30.0, 50.0, 45.0, 0.0, 0.0, 1.0, 0.0, 0.0, 0.0, 0.0, 0.0, 0.0, 0.0, 0.0, 0.0, 0.0, 0.0, 0.0, 0.0, 0.0, 0.0, 0.0, 0.0, 0.0, 0.0, 0.0, 0.0, 1.0, 0.0, 0.0, 0.0, 0.0, 0.0, 0.0, 0.0, 0.0, 1.0, 0.0, 0.0, 0.0, 0.0, 0.0, 0.0, 0.0, 0.0, 0.0, 0.0, 0.0, 0.0, 0.0, 0.0, 0.0, 0.0, 0.0, 0.0, 0.0, 0.0, 1.0, 0.0, 0.0, 0.0, 0.0, 0.0, 1.0, 0.0, 1.0]","['depot_1', 'fire_2', 'fire_3']","[True, False, True]","[10, 0, 10]","[50, 20, 30, 50, 45]","['fire_2', 'None', 'fire_4']","['fire_3', 'None', 'fire_4']"
12,"[2, 5, 4]",5.0,"[6.0, 3.0, 5.0, 3.0, 5.0, 0.0, 5.0, 2.0, 0.0, 2.0, 4.0, 2.0, 5.0, 4.0, 2.0, 0.0, 2.0, 3.0, 6.0, 2.0, 3.0, 10.0, 0.0, 10.0, 50.0, 20.0, 30.0, 50.0, 45.0, 0.0, 0.0, 1.0, 0.0, 0.0, 0.0, 0.0, 0.0, 0.0, 0.0, 0.0, 0.0, 0.0, 0.0, 0.0, 1.0, 0.0, 0.0, 0.0, 0.0, 0.0, 0.0, 0.0, 0.0, 1.0, 0.0, 0.0, 0.0, 0.0, 0.0, 0.0, 0.0, 0.0, 1.0, 0.0, 0.0, 0.0, 0.0, 0.0, 0.0, 0.0, 0.0, 0.0, 0.0, 0.0, 1.0, 0.0, 0.0, 0.0, 0.0, 0.0, 0.0, 0.0, 0.0, 1.0, 0.0, 0.0, 0.0, 0.0, 0.0, 1.0, 1.0, 1.0]","['depot_1', 'fire_2', 'fire_3']","[True, True, True]","[10, 0, 10]","[50, 20, 30, 50, 45]","['fire_2', 'depot_0', 'fire_4']","['fire_3', 'depot_0', 'fire_4']"
13,"[2, 5, 2]",5.0,"[6.0, 3.0, 5.0, 3.0, 5.0, 0.0, 5.0, 2.0, 0.0, 2.0, 4.0, 2.0, 7.0, 6.0, 4.0, 2.0, 0.0, 3.0, 6.0, 2.0, 4.0, 10.0, 0.0, 0.0, 50.0, 20.0, 30.0, 50.0, 35.0, 0.0, 0.0, 1.0, 0.0, 0.0, 0.0, 0.0, 0.0, 0.0, 0.0, 0.0, 0.0, 0.0, 0.0, 0.0, 1.0, 0.0, 0.0, 0.0, 0.0, 0.0, 0.0, 0.0, 0.0, 0.0, 0.0, 0.0, 0.0, 0.0, 0.0, 0.0, 0.0, 0.0, 1.0, 0.0, 0.0, 0.0, 0.0, 0.0, 0.0, 0.0, 0.0, 0.0, 0.0, 0.0, 1.0, 0.0, 0.0, 0.0, 0.0, 0.0, 0.0, 0.0, 0.0, 0.0, 0.0, 0.0, 0.0, 0.0, 0.0, 1.0, 1.0, 0.0]","['depot_1', 'fire_2', 'fire_4']","[True, True, False]","[10, 0, 0]","[50, 20, 30, 50, 35]","['fire_2', 'depot_0', 'None']","['fire_3', 'depot_0', 'None']"
14,"[2, 3, 2]",0.0,"[5.0, 4.0, 2.0, 0.0, 2.0, 3.0, 3.0, 4.0, 2.0, 4.0, 6.0, 0.0, 7.0, 6.0, 4.0, 2.0, 0.0, 3.0, 3.0, 5.0, 4.0, 10.0, 10.0, 0.0, 50.0, 20.0, 30.0, 50.0, 35.0, 0.0, 0.0, 1.0, 0.0, 0.0, 0.0, 0.0, 0.0, 0.0, 0.0, 0.0, 0.0, 0.0, 0.0, 0.0, 0.0, 0.0, 0.0, 0.0, 0.0, 0.0, 0.0, 1.0, 0.0, 0.0, 0.0, 0.0, 0.0, 0.0, 0.0, 0.0, 0.0, 1.0, 0.0, 0.0, 0.0, 0.0, 0.0, 0.0, 0.0, 0.0, 0.0, 0.0, 0.0, 0.0, 0.0, 0.0, 0.0, 0.0, 0.0, 0.0, 0.0, 0.0, 1.0, 0.0, 0.0, 0.0, 0.0, 0.0, 0.0, 1.0, 0.0, 1.0]","['fire_3', 'depot_0', 'fire_4']","[True, False, True]","[10, 10, 0]","[50, 20, 30, 50, 35]","['fire_2', 'None', 'fire_2']","['fire_2', 'None', 'fire_3']"
15,"[2, 3, 2]",5.0,"[5.0, 4.0, 2.0, 0.0, 2.0, 3.0, 3.0, 4.0, 2.0, 4.0, 6.0, 0.0, 7.0, 6.0, 4.0, 2.0, 0.0, 3.0, 3.0, 5.0, 4.0, 10.0, 10.0, 0.0, 50.0, 20.0, 30.0, 50.0, 35.0, 0.0, 0.0, 1.0, 0.0, 0.0, 0.0, 0.0, 0.0, 0.0, 0.0, 0.0, 0.0, 0.0, 1.0, 0.0, 0.0, 0.0, 0.0, 0.0, 0.0, 0.0, 0.0, 1.0, 0.0, 0.0, 0.0, 0.0, 0.0, 0.0, 0.0, 0.0, 0.0, 1.0, 0.0, 0.0, 0.0, 0.0, 0.0, 0.0, 0.0, 0.0, 0.0, 1.0, 0.0, 0.0, 0.0, 0.0, 0.0, 0.0, 0.0, 0.0, 0.0, 0.0, 1.0, 0.0, 0.0, 0.0, 0.0, 0.0, 0.0, 1.0, 1.0, 1.0]","['fire_3', 'depot_0', 'fire_4']","[True, True, True]","[10, 10, 0]","[50, 20, 30, 50, 35]","['fire_2', 'fire_3', 'fire_2']","['fire_2', 'fire_2', 'fire_3']"
16,"[6, 3, 2]",0.0,"[5.0, 2.0, 0.0, 2.0, 4.0, 2.0, 3.0, 4.0, 2.0, 4.0, 6.0, 0.0, 5.0, 4.0, 2.0, 0.0, 2.0, 3.0, 2.0, 5.0, 3.0, 0.0, 10.0, 0.0, 50.0, 20.0, 20.0, 50.0, 35.0, 0.0, 0.0, 0.0, 0.0, 0.0, 0.0, 0.0, 0.0, 0.0, 0.0, 0.0, 0.0, 0.0, 1.0, 0.0, 0.0, 0.0, 0.0, 0.0, 0.0, 0.0, 0.0, 1.0, 0.0, 0.0, 0.0, 0.0, 0.0, 0.0, 0.0, 0.0, 0.0, 0.0, 0.0, 0.0, 0.0, 0.0, 0.0, 0.0, 0.0, 0.0, 0.0, 1.0, 0.0, 0.0, 0.0, 0.0, 0.0, 0.0, 0.0, 0.0, 0.0, 1.0, 0.0, 0.0, 0.0, 0.0, 0.0, 0.0, 0.0, 0.0, 1.0, 1.0]","['fire_2', 'depot_0', 'fire_3']","[False, True, True]","[0, 10, 0]","[50, 20, 20, 50, 35]","['None', 'fire_3', 'fire_2']","['None', 'fire_2', 'fire_2']"
17,"[6, 3, 2]",-1.0,"[5.0, 2.0, 0.0, 2.0, 4.0, 2.0, 5.0, 2.0, 0.0, 2.0, 4.0, 2.0, 5.0, 4.0, 2.0, 0.0, 2.0, 3.0, 2.0, 2.0, 3.0, 0.0, 10.0, 0.0, 50.0, 20.0, 20.0, 50.0, 35.0, 0.0, 0.0, 0.0, 0.0, 0.0, 0.0, 1.0, 0.0, 0.0, 0.0, 0.0, 0.0, 0.0, 1.0, 0.0, 0.0, 0.0, 0.0, 0.0, 0.0, 0.0, 0.0, 1.0, 0.0, 0.0, 0.0, 0.0, 0.0, 0.0, 0.0, 0.0, 0.0, 0.0, 0.0, 0.0, 1.0, 0.0, 0.0, 0.0, 0.0, 0.0, 0.0, 0.0, 1.0, 0.0, 0.0, 0.0, 0.0, 0.0, 0.0, 0.0, 0.0, 1.0, 0.0, 0.0, 0.0, 0.0, 0.0, 0.0, 0.0, 1.0, 1.0, 1.0]","['fire_2', 'fire_2', 'fire_3']","[True, True, True]","[0, 10, 0]","[50, 20, 20, 50, 35]","['depot_1', 'fire_3', 'fire_2']","['depot_0', 'fire_3', 'fire_2']"
18,"[6, 3, 6]",5.0,"[5.0, 2.0, 0.0, 2.0, 4.0, 2.0, 5.0, 2.0, 0.0, 2.0, 4.0, 2.0, 5.0, 2.0, 0.0, 2.0, 4.0, 2.0, 2.0, 2.0, 2.0, 0.0, 10.0, 0.0, 50.0, 20.0, 20.0, 50.0, 35.0, 0.0, 0.0, 0.0, 0.0, 0.0, 0.0, 1.0, 0.0, 0.0, 0.0, 0.0, 0.0, 0.0, 1.0, 0.0, 0.0, 0.0, 0.0, 0.0, 0.0, 0.0, 0.0, 0.0, 0.0, 0.0, 0.0, 0.0, 0.0, 0.0, 0.0, 0.0, 0.0, 0.0, 0.0, 0.0, 1.0, 0.0, 0.0, 0.0, 0.0, 0.0, 0.0, 0.0, 1.0, 0.0, 0.0, 0.0, 0.0, 0.0, 0.0, 0.0, 0.0, 0.0, 0.0, 0.0, 0.0, 0.0, 0.0, 0.0, 0.0, 1.0, 1.0, 0.0]","['fire_2', 'fire_2', 'fire_2']","[True, True, False]","[0, 10, 0]","[50, 20, 20, 50, 35]","['depot_1', 'fire_3', 'None']","['depot_0', 'fire_3', 'None']"
19,"[6, 6, 6]",0.0,"[3.0, 4.0, 2.0, 4.0, 6.0, 0.0, 5.0, 4.0, 2.0, 0.0, 2.0, 3.0, 5.0, 2.0, 0.0, 2.0, 4.0, 2.0, 5.0, 3.0, 2.0, 0.0, 0.0, 0.0, 50.0, 20.0, 20.0, 40.0, 35.0, 0.0, 0.0, 0.0, 0.0, 0.0, 0.0, 1.0, 0.0, 0.0, 0.0, 0.0, 0.0, 0.0, 0.0, 0.0, 0.0, 0.0, 0.0, 0.0, 0.0, 0.0, 0.0, 0.0, 0.0, 0.0, 0.0, 1.0, 0.0, 0.0, 0.0, 0.0, 0.0, 0.0, 0.0, 0.0, 0.0, 1.0, 0.0, 0.0, 0.0, 0.0, 0.0, 0.0, 0.0, 0.0, 0.0, 0.0, 0.0, 0.0, 0.0, 0.0, 0.0, 0.0, 0.0, 0.0, 1.0, 0.0, 0.0, 0.0, 0.0, 1.0, 0.0, 1.0]","['depot_0', 'fire_3', 'fire_2']","[True, False, True]","[0, 0, 0]","[50, 20, 20, 40, 35]","['depot_1', 'None', 'depot_1']","['depot_1', 'None', 'depot_0']"
20,"[6, 6, 6]",0.0,"[3.0, 4.0, 2.0, 4.0, 6.0, 0.0, 5.0, 4.0, 2.0, 0.0, 2.0, 3.0, 5.0, 2.0, 0.0, 2.0, 4.0, 2.0, 5.0, 3.0, 2.0, 0.0, 0.0, 0.0, 50.0, 20.0, 20.0, 40.0, 35.0, 0.0, 0.0, 0.0, 0.0, 0.0, 0.0, 1.0, 0.0, 0.0, 0.0, 0.0, 0.0, 0.0, 0.0, 0.0, 0.0, 1.0, 0.0, 0.0, 0.0, 0.0, 0.0, 0.0, 0.0, 0.0, 0.0, 1.0, 0.0, 0.0, 0.0, 0.0, 0.0, 0.0, 0.0, 0.0, 0.0, 1.0, 0.0, 0.0, 0.0, 0.0, 0.0, 0.0, 0.0, 0.0, 0.0, 1.0, 0.0, 0.0, 0.0, 0.0, 0.0, 0.0, 0.0, 0.0, 1.0, 0.0, 0.0, 0.0, 0.0, 1.0, 1.0, 1.0]","['depot_0', 'fire_3', 'fire_2']","[True, True, True]","[0, 0, 0]","[50, 20, 20, 40, 35]","['depot_1', 'depot_1', 'depot_1']","['depot_1', 'depot_1', 'depot_0']"
21,"[6, 6, 6]",5.0,"[3.0, 4.0, 2.0, 4.0, 6.0, 0.0, 5.0, 4.0, 2.0, 0.0, 2.0, 3.0, 3.0, 4.0, 2.0, 4.0, 6.0, 0.0, 5.0, 3.0, 5.0, 0.0, 0.0, 0.0, 50.0, 20.0, 20.0, 40.0, 35.0, 0.0, 0.0, 0.0, 0.0, 0.0, 0.0, 1.0, 0.0, 0.0, 0.0, 0.0, 0.0, 0.0, 0.0, 0.0, 0.0, 1.0, 0.0, 0.0, 0.0, 0.0, 0.0, 0.0, 0.0, 0.0, 0.0, 1.0, 0.0, 0.0, 0.0, 0.0, 0.0, 0.0, 0.0, 0.0, 0.0, 1.0, 0.0, 0.0, 0.0, 0.0, 0.0, 0.0, 0.0, 0.0, 0.0, 1.0, 0.0, 0.0, 0.0, 0.0, 0.0, 0.0, 0.0, 0.0, 0.0, 1.0, 0.0, 0.0, 0.0, 1.0, 1.0, 1.0]","['depot_0', 'fire_3', 'depot_0']","[True, True, True]","[0, 0, 0]","[50, 20, 20, 40, 35]","['depot_1', 'depot_1', 'depot_1']","['depot_1', 'depot_1', 'depot_1']"
22,"[0, 6, 6]",5.0,"[6.0, 3.0, 5.0, 3.0, 5.0, 0.0, 5.0, 4.0, 2.0, 0.0, 2.0, 3.0, 3.0, 4.0, 2.0, 4.0, 6.0, 0.0, 6.0, 3.0, 5.0, 10.0, 0.0, 0.0, 50.0, 20.0, 20.0, 40.0, 35.0, 0.0, 0.0, 0.0, 0.0, 0.0, 0.0, 0.0, 0.0, 0.0, 0.0, 0.0, 0.0, 0.0, 0.0, 0.0, 0.0, 1.0, 0.0, 0.0, 0.0, 0.0, 0.0, 0.0, 0.0, 0.0, 0.0, 1.0, 0.0, 0.0, 0.0, 0.0, 0.0, 0.0, 0.0, 0.0, 0.0, 0.0, 0.0, 0.0, 0.0, 0.0, 0.0, 0.0, 0.0, 0.0, 0.0, 1.0, 0.0, 0.0, 0.0, 0.0, 0.0, 0.0, 0.0, 0.0, 0.0, 1.0, 0.0, 0.0, 0.0, 0.0, 1.0, 1.0]","['depot_1', 'fire_3', 'depot_0']","[False, True, True]","[10, 0, 0]","[50, 20, 20, 40, 35]","['None', 'depot_1', 'depot_1']","['None', 'depot_1', 'depot_1']"
23,"[0, 4, 6]",5.0,"[6.0, 3.0, 5.0, 3.0, 5.0, 0.0, 6.0, 3.0, 5.0, 3.0, 5.0, 0.0, 3.0, 4.0, 2.0, 4.0, 6.0, 0.0, 6.0, 6.0, 5.0, 10.0, 10.0, 0.0, 50.0, 20.0, 20.0, 40.0, 35.0, 1.0, 0.0, 0.0, 0.0, 0.0, 0.0, 0.0, 0.0, 0.0, 0.0, 0.0, 0.0, 0.0, 0.0, 0.0, 0.0, 0.0, 0.0, 0.0, 0.0, 0.0, 0.0, 0.0, 0.0, 0.0, 0.0, 1.0, 0.0, 0.0, 0.0, 0.0, 0.0, 0.0, 0.0, 0.0, 0.0, 0.0, 0.0, 0.0, 1.0, 0.0, 0.0, 0.0, 0.0, 0.0, 0.0, 0.0, 0.0, 0.0, 0.0, 0.0, 0.0, 0.0, 0.0, 0.0, 0.0, 1.0, 0.0, 0.0, 0.0, 1.0, 0.0, 1.0]","['depot_1', 'depot_1', 'depot_0']","[True, False, True]","[10, 10, 0]","[50, 20, 20, 40, 35]","['fire_0', 'None', 'depot_1']","['starter_1', 'None', 'depot_1']"
24,"[0, 4, 0]",0.0,"[5.0, 2.0, 4.0, 4.0, 6.0, 1.0, 6.0, 3.0, 5.0, 3.0, 5.0, 0.0, 6.0, 3.0, 5.0, 3.0, 5.0, 0.0, 9.0, 6.0, 6.0, 10.0, 10.0, 10.0, 50.0, 20.0, 20.0, 40.0, 35.0, 1.0, 0.0, 0.0, 0.0, 0.0, 0.0, 0.0, 0.0, 0.0, 0.0, 0.0, 0.0, 0.0, 0.0, 1.0, 0.0, 0.0, 0.0, 0.0, 0.0, 0.0, 0.0, 0.0, 0.0, 0.0, 0.0, 0.0, 0.0, 0.0, 0.0, 0.0, 1.0, 0.0, 0.0, 0.0, 0.0, 0.0, 0.0, 0.0, 0.0, 0.0, 0.0, 0.0, 1.0, 0.0, 0.0, 0.0, 0.0, 0.0, 0.0, 0.0, 0.0, 0.0, 0.0, 0.0, 0.0, 0.0, 0.0, 0.0, 0.0, 1.0, 1.0, 0.0]","['starter_1', 'depot_1', 'depot_1']","[True, True, False]","[10, 10, 10]","[50, 20, 20, 40, 35]","['fire_0', 'fire_4', 'None']","['fire_1', 'fire_3', 'None']"
25,"[0, 4, 0]",0.0,"[5.0, 2.0, 4.0, 4.0, 6.0, 1.0, 6.0, 3.0, 5.0, 3.0, 5.0, 0.0, 6.0, 3.0, 5.0, 3.0, 5.0, 0.0, 9.0, 6.0, 6.0, 10.0, 10.0, 10.0, 50.0, 20.0, 20.0, 40.0, 35.0, 1.0, 0.0, 0.0, 0.0, 0.0, 0.0, 0.0, 0.0, 0.0, 0.0, 0.0, 0.0, 0.0, 0.0, 1.0, 0.0, 0.0, 0.0, 0.0, 0.0, 1.0, 0.0, 0.0, 0.0, 0.0, 0.0, 0.0, 0.0, 0.0, 0.0, 0.0, 1.0, 0.0, 0.0, 0.0, 0.0, 0.0, 0.0, 0.0, 0.0, 0.0, 0.0, 0.0, 1.0, 0.0, 0.0, 0.0, 0.0, 0.0, 0.0, 0.0, 0.0, 0.0, 0.0, 0.0, 0.0, 0.0, 0.0, 0.0, 1.0, 1.0, 1.0, 1.0]","['starter_1', 'depot_1', 'depot_1']","[True, True, True]","[10, 10, 10]","[50, 20, 20, 40, 35]","['fire_0', 'fire_4', 'fire_0']","['fire_1', 'fire_3', 'starter_1']"
26,"[0, 4, 0]",0.0,"[3.0, 0.0, 2.0, 4.0, 6.0, 3.0, 6.0, 3.0, 5.0, 3.0, 5.0, 0.0, 5.0, 2.0, 4.0, 4.0, 6.0, 1.0, 1.0, 6.0, 9.0, 10.0, 10.0, 10.0, 50.0, 20.0, 20.0, 40.0, 35.0, 1.0, 0.0, 0.0, 0.0, 0.0, 0.0, 0.0, 0.0, 0.0, 0.0, 0.0, 0.0, 0.0, 0.0, 1.0, 0.0, 0.0, 0.0, 0.0, 0.0, 1.0, 0.0, 0.0, 0.0, 0.0, 0.0, 0.0, 0.0, 0.0, 0.0, 1.0, 0.0, 0.0, 0.0, 0.0, 0.0, 0.0, 0.0, 0.0, 0.0, 0.0, 0.0, 0.0, 1.0, 0.0, 0.0, 0.0, 0.0, 0.0, 0.0, 0.0, 1.0, 0.0, 0.0, 0.0, 0.0, 0.0, 0.0, 0.0, 0.0, 1.0, 1.0, 1.0]","['fire_1', 'depot_1', 'starter_1']","[True, True, True]","[10, 10, 10]","[50, 20, 20, 40, 35]","['fire_0', 'fire_4', 'fire_0']","['fire_0', 'fire_3', 'fire_1']"
27,"[0, 4, 0]",0.0,"[3.0, 0.0, 2.0, 4.0, 6.0, 3.0, 5.0, 4.0, 2.0, 0.0, 2.0, 3.0, 5.0, 2.0, 4.0, 4.0, 6.0, 1.0, 1.0, 3.0, 9.0, 10.0, 10.0, 10.0, 50.0, 20.0, 20.0, 40.0, 35.0, 1.0, 0.0, 0.0, 0.0, 0.0, 0.0, 0.0, 0.0, 0.0, 0.0, 0.0, 0.0, 0.0, 0.0, 1.0, 0.0, 0.0, 0.0, 0.0, 0.0, 1.0, 0.0, 0.0, 0.0, 0.0, 0.0, 0.0, 0.0, 0.0, 0.0, 1.0, 0.0, 0.0, 0.0, 0.0, 0.0, 0.0, 0.0, 0.0, 0.0, 0.0, 0.0, 0.0, 0.0, 1.0, 0.0, 0.0, 0.0, 0.0, 0.0, 0.0, 1.0, 0.0, 0.0, 0.0, 0.0, 0.0, 0.0, 0.0, 0.0, 1.0, 1.0, 1.0]","['fire_1', 'fire_3', 'starter_1']","[True, True, True]","[10, 10, 10]","[50, 20, 20, 40, 35]","['fire_0', 'fire_4', 'fire_0']","['fire_0', 'fire_4', 'fire_1']"
28,"[0, 4, 0]",10.0,"[3.0, 0.0, 2.0, 4.0, 6.0, 3.0, 5.0, 4.0, 2.0, 0.0, 2.0, 3.0, 3.0, 0.0, 2.0, 4.0, 6.0, 3.0, 1.0, 3.0, 1.0, 10.0, 10.0, 10.0, 50.0, 20.0, 20.0, 40.0, 35.0, 1.0, 0.0, 0.0, 0.0, 0.0, 0.0, 0.0, 0.0, 0.0, 0.0, 0.0, 0.0, 0.0, 0.0, 1.0, 0.0, 0.0, 0.0, 0.0, 0.0, 1.0, 0.0, 0.0, 0.0, 0.0, 0.0, 0.0, 0.0, 0.0, 0.0, 1.0, 0.0, 0.0, 0.0, 0.0, 0.0, 0.0, 0.0, 0.0, 0.0, 0.0, 0.0, 0.0, 0.0, 1.0, 0.0, 0.0, 0.0, 0.0, 0.0, 1.0, 0.0, 0.0, 0.0, 0.0, 0.0, 0.0, 0.0, 0.0, 0.0, 1.0, 1.0, 1.0]","['fire_1', 'fire_3', 'fire_1']","[True, True, True]","[10, 10, 10]","[50, 20, 20, 40, 35]","['fire_0', 'fire_4', 'fire_0']","['fire_0', 'fire_4', 'fire_0']"
29,"[5, 6, 0]",0.0,"[0.0, 3.0, 5.0, 5.0, 7.0, 3.0, 7.0, 6.0, 4.0, 2.0, 0.0, 3.0, 3.0, 0.0, 2.0, 4.0, 6.0, 3.0, 0.0, 4.0, 1.0, 0.0, 0.0, 10.0, 40.0, 20.0, 20.0, 40.0, 25.0, 0.0, 0.0, 0.0, 0.0, 0.0, 0.0, 0.0, 0.0, 0.0, 0.0, 0.0, 0.0, 0.0, 0.0, 0.0, 0.0, 0.0, 0.0, 0.0, 0.0, 1.0, 0.0, 0.0, 0.0, 0.0, 0.0, 0.0, 0.0, 0.0, 0.0, 0.0, 0.0, 0.0, 0.0, 0.0, 0.0, 0.0, 0.0, 0.0, 0.0, 0.0, 0.0, 0.0, 0.0, 0.0, 0.0, 0.0, 0.0, 0.0, 0.0, 1.0, 0.0, 0.0, 0.0, 0.0, 0.0, 0.0, 0.0, 0.0, 0.0, 0.0, 0.0, 1.0]","['fire_0', 'fire_4', 'fire_1']","[False, False, True]","[0, 0, 10]","[40, 20, 20, 40, 25]","['None', 'None', 'fire_0']","['None', 'None', 'fire_0']"
30,"[5, 6, 0]",5.0,"[0.0, 3.0, 5.0, 5.0, 7.0, 3.0, 7.0, 6.0, 4.0, 2.0, 0.0, 3.0, 3.0, 0.0, 2.0, 4.0, 6.0, 3.0, 0.0, 4.0, 1.0, 0.0, 0.0, 10.0, 40.0, 20.0, 20.0, 40.0, 25.0, 0.0, 0.0, 0.0, 0.0, 0.0, 1.0, 0.0, 0.0, 0.0, 0.0, 0.0, 0.0, 0.0, 0.0, 0.0, 0.0, 1.0, 0.0, 0.0, 0.0, 1.0, 0.0, 0.0, 0.0, 0.0, 0.0, 0.0, 0.0, 0.0, 0.0, 0.0, 0.0, 0.0, 0.0, 0.0, 0.0, 0.0, 0.0, 1.0, 0.0, 0.0, 0.0, 0.0, 1.0, 0.0, 0.0, 0.0, 0.0, 0.0, 0.0, 1.0, 0.0, 0.0, 0.0, 0.0, 0.0, 0.0, 0.0, 0.0, 0.0, 1.0, 1.0, 1.0]","['fire_0', 'fire_4', 'fire_1']","[True, True, True]","[0, 0, 10]","[40, 20, 20, 40, 25]","['depot_0', 'depot_1', 'fire_0']","['starter_0', 'fire_3', 'fire_0']"
31,"[5, 6, 5]",0.0,"[0.0, 3.0, 5.0, 5.0, 7.0, 3.0, 7.0, 6.0, 4.0, 2.0, 0.0, 3.0, 0.0, 3.0, 5.0, 5.0, 7.0, 3.0, 0.0, 4.0, 0.0, 0.0, 0.0, 0.0, 30.0, 20.0, 20.0, 40.0, 25.0, 0.0, 0.0, 0.0, 0.0, 0.0, 1.0, 0.0, 0.0, 0.0, 0.0, 0.0, 0.0, 0.0, 0.0, 0.0, 0.0, 1.0, 0.0, 0.0, 0.0, 0.0, 0.0, 0.0, 0.0, 0.0, 0.0, 0.0, 0.0, 0.0, 0.0, 0.0, 0.0, 0.0, 0.0, 0.0, 0.0, 0.0, 0.0, 1.0, 0.0, 0.0, 0.0, 0.0, 1.0, 0.0, 0.0, 0.0, 0.0, 0.0, 0.0, 0.0, 0.0, 0.0, 0.0, 0.0, 0.0, 0.0, 0.0, 0.0, 0.0, 1.0, 1.0, 0.0]","['fire_0', 'fire_4', 'fire_0']","[True, True, False]","[0, 0, 0]","[30, 20, 20, 40, 25]","['depot_0', 'depot_1', 'None']","['starter_0', 'fire_3', 'None']"
32,"[5, 6, 5]",5.0,"[2.0, 5.0, 3.0, 5.0, 7.0, 1.0, 5.0, 4.0, 2.0, 0.0, 2.0, 3.0, 0.0, 3.0, 5.0, 5.0, 7.0, 3.0, 8.0, 3.0, 0.0, 0.0, 0.0, 0.0, 30.0, 20.0, 20.0, 40.0, 25.0, 0.0, 0.0, 0.0, 0.0, 0.0, 1.0, 0.0, 0.0, 0.0, 0.0, 0.0, 0.0, 0.0, 0.0, 0.0, 0.0, 1.0, 0.0, 0.0, 0.0, 0.0, 0.0, 0.0, 0.0, 0.0, 1.0, 0.0, 0.0, 0.0, 0.0, 0.0, 0.0, 0.0, 0.0, 0.0, 1.0, 0.0, 0.0, 0.0, 0.0, 0.0, 0.0, 0.0, 0.0, 0.0, 0.0, 1.0, 0.0, 0.0, 0.0, 0.0, 0.0, 0.0, 0.0, 0.0, 0.0, 0.0, 0.0, 1.0, 0.0, 1.0, 1.0, 1.0]","['starter_0', 'fire_3', 'fire_0']","[True, True, True]","[0, 0, 0]","[30, 20, 20, 40, 25]","['depot_0', 'depot_1', 'depot_0']","['depot_0', 'depot_1', 'starter_0']"
33,"[1, 6, 5]",0.0,"[3.0, 4.0, 2.0, 4.0, 6.0, 0.0, 5.0, 4.0, 2.0, 0.0, 2.0, 3.0, 0.0, 3.0, 5.0, 5.0, 7.0, 3.0, 5.0, 3.0, 0.0, 10.0, 0.0, 0.0, 30.0, 20.0, 20.0, 40.0, 25.0, 0.0, 0.0, 0.0, 0.0, 0.0, 0.0, 0.0, 0.0, 0.0, 0.0, 0.0, 0.0, 0.0, 0.0, 0.0, 0.0, 1.0, 0.0, 0.0, 0.0, 0.0, 0.0, 0.0, 0.0, 0.0, 1.0, 0.0, 0.0, 0.0, 0.0, 0.0, 0.0, 0.0, 0.0, 0.0, 0.0, 0.0, 0.0, 0.0, 0.0, 0.0, 0.0, 0.0, 0.0, 0.0, 0.0, 1.0, 0.0, 0.0, 0.0, 0.0, 0.0, 0.0, 0.0, 0.0, 0.0, 0.0, 0.0, 1.0, 0.0, 0.0, 1.0, 1.0]","['depot_0', 'fire_3', 'fire_0']","[False, True, True]","[10, 0, 0]","[30, 20, 20, 40, 25]","['None', 'depot_1', 'depot_0']","['None', 'depot_1', 'starter_0']"
34,"[1, 6, 5]",10.0,"[3.0, 4.0, 2.0, 4.0, 6.0, 0.0, 5.0, 4.0, 2.0, 0.0, 2.0, 3.0, 2.0, 5.0, 3.0, 5.0, 7.0, 1.0, 5.0, 3.0, 8.0, 10.0, 0.0, 0.0, 30.0, 20.0, 20.0, 40.0, 25.0, 0.0, 1.0, 0.0, 0.0, 0.0, 0.0, 0.0, 0.0, 0.0, 0.0, 0.0, 0.0, 0.0, 0.0, 0.0, 0.0, 1.0, 0.0, 0.0, 0.0, 0.0, 0.0, 0.0, 0.0, 0.0, 1.0, 0.0, 0.0, 0.0, 0.0, 0.0, 0.0, 1.0, 0.0, 0.0, 0.0, 0.0, 0.0, 0.0, 0.0, 0.0, 0.0, 0.0, 0.0, 0.0, 0.0, 1.0, 0.0, 0.0, 0.0, 0.0, 0.0, 0.0, 0.0, 0.0, 1.0, 0.0, 0.0, 0.0, 0.0, 1.0, 1.0, 1.0]","['depot_0', 'fire_3', 'starter_0']","[True, True, True]","[10, 0, 0]","[30, 20, 20, 40, 25]","['fire_1', 'depot_1', 'depot_0']","['fire_2', 'depot_1', 'depot_0']"
35,"[1, 1, 3]",0.0,"[3.0, 4.0, 2.0, 4.0, 6.0, 0.0, 6.0, 3.0, 5.0, 3.0, 5.0, 0.0, 3.0, 4.0, 2.0, 4.0, 6.0, 0.0, 5.0, 6.0, 5.0, 10.0, 10.0, 10.0, 30.0, 20.0, 20.0, 40.0, 25.0, 0.0, 1.0, 0.0, 0.0, 0.0, 0.0, 0.0, 0.0, 0.0, 0.0, 0.0, 0.0, 0.0, 0.0, 0.0, 0.0, 0.0, 0.0, 0.0, 0.0, 0.0, 0.0, 0.0, 0.0, 0.0, 0.0, 0.0, 0.0, 0.0, 0.0, 0.0, 0.0, 1.0, 0.0, 0.0, 0.0, 0.0, 0.0, 0.0, 0.0, 0.0, 0.0, 0.0, 0.0, 0.0, 0.0, 0.0, 0.0, 0.0, 0.0, 0.0, 0.0, 0.0, 0.0, 0.0, 0.0, 0.0, 0.0, 0.0, 0.0, 1.0, 0.0, 0.0]","['depot_0', 'depot_1', 'depot_0']","[True, False, False]","[10, 10, 10]","[30, 20, 20, 40, 25]","['fire_1', 'None', 'None']","['fire_2', 'None', 'None']"
36,"[1, 1, 3]",0.0,"[5.0, 2.0, 0.0, 2.0, 4.0, 2.0, 6.0, 3.0, 5.0, 3.0, 5.0, 0.0, 3.0, 4.0, 2.0, 4.0, 6.0, 0.0, 2.0, 6.0, 5.0, 10.0, 10.0, 10.0, 30.0, 20.0, 20.0, 40.0, 25.0, 0.0, 1.0, 0.0, 0.0, 0.0, 0.0, 0.0, 0.0, 0.0, 0.0, 0.0, 1.0, 0.0, 0.0, 0.0, 0.0, 0.0, 0.0, 0.0, 0.0, 0.0, 0.0, 0.0, 1.0, 0.0, 0.0, 0.0, 0.0, 0.0, 0.0, 0.0, 1.0, 0.0, 0.0, 0.0, 0.0, 0.0, 0.0, 0.0, 0.0, 0.0, 0.0, 0.0, 0.0, 0.0, 0.0, 0.0, 0.0, 0.0, 1.0, 0.0, 0.0, 1.0, 0.0, 0.0, 0.0, 0.0, 0.0, 0.0, 0.0, 1.0, 1.0, 1.0]","['fire_2', 'depot_1', 'depot_0']","[True, True, True]","[10, 10, 10]","[30, 20, 20, 40, 25]","['fire_1', 'fire_1', 'fire_3']","['fire_1', 'starter_1', 'fire_2']"
37,"[1, 1, 3]",5.0,"[5.0, 2.0, 0.0, 2.0, 4.0, 2.0, 5.0, 2.0, 4.0, 4.0, 6.0, 1.0, 3.0, 4.0, 2.0, 4.0, 6.0, 0.0, 2.0, 9.0, 5.0, 10.0, 10.0, 10.0, 30.0, 20.0, 20.0, 40.0, 25.0, 0.0, 1.0, 0.0, 0.0, 0.0, 0.0, 0.0, 0.0, 0.0, 0.0, 0.0, 1.0, 0.0, 0.0, 0.0, 0.0, 0.0, 0.0, 0.0, 0.0, 0.0, 0.0, 0.0, 1.0, 0.0, 0.0, 0.0, 0.0, 0.0, 0.0, 0.0, 1.0, 0.0, 0.0, 0.0, 0.0, 0.0, 0.0, 0.0, 0.0, 0.0, 1.0, 0.0, 0.0, 0.0, 0.0, 0.0, 0.0, 0.0, 0.0, 0.0, 0.0, 1.0, 0.0, 0.0, 0.0, 0.0, 0.0, 0.0, 0.0, 1.0, 1.0, 1.0]","['fire_2', 'starter_1', 'depot_0']","[True, True, True]","[10, 10, 10]","[30, 20, 20, 40, 25]","['fire_1', 'fire_1', 'fire_3']","['fire_1', 'fire_1', 'fire_2']"
38,"[8, 1, 3]",5.0,"[3.0, 0.0, 2.0, 4.0, 6.0, 3.0, 5.0, 2.0, 4.0, 4.0, 6.0, 1.0, 5.0, 2.0, 0.0, 2.0, 4.0, 2.0, 1.0, 9.0, 2.0, 0.0, 10.0, 10.0, 30.0, 10.0, 20.0, 40.0, 25.0, 0.0, 0.0, 0.0, 0.0, 0.0, 0.0, 0.0, 0.0, 0.0, 0.0, 0.0, 1.0, 0.0, 0.0, 0.0, 0.0, 0.0, 0.0, 0.0, 0.0, 0.0, 0.0, 0.0, 1.0, 0.0, 0.0, 0.0, 0.0, 0.0, 0.0, 0.0, 0.0, 0.0, 0.0, 0.0, 0.0, 0.0, 0.0, 0.0, 0.0, 0.0, 1.0, 0.0, 0.0, 0.0, 0.0, 0.0, 0.0, 0.0, 0.0, 0.0, 0.0, 0.0, 1.0, 0.0, 0.0, 0.0, 0.0, 0.0, 0.0, 0.0, 1.0, 1.0]","['fire_1', 'starter_1', 'fire_2']","[False, True, True]","[0, 10, 10]","[30, 10, 20, 40, 25]","['None', 'fire_1', 'fire_3']","['None', 'fire_1', 'fire_3']"
39,"[8, 5, 3]",5.0,"[3.0, 0.0, 2.0, 4.0, 6.0, 3.0, 3.0, 0.0, 2.0, 4.0, 6.0, 3.0, 5.0, 2.0, 0.0, 2.0, 4.0, 2.0, 1.0, 1.0, 2.0, 0.0, 0.0, 10.0, 30.0, 0.0, 20.0, 40.0, 25.0, 0.0, 0.0, 0.0, 0.0, 0.0, 0.0, 0.0, 0.0, 1.0, 0.0, 0.0, 0.0, 0.0, 0.0, 0.0, 0.0, 0.0, 0.0, 0.0, 0.0, 0.0, 0.0, 0.0, 1.0, 0.0, 0.0, 0.0, 0.0, 0.0, 0.0, 1.0, 0.0, 0.0, 0.0, 0.0, 0.0, 0.0, 0.0, 0.0, 0.0, 0.0, 0.0, 0.0, 0.0, 0.0, 0.0, 0.0, 0.0, 0.0, 0.0, 0.0, 0.0, 0.0, 1.0, 0.0, 0.0, 0.0, 0.0, 0.0, 0.0, 1.0, 0.0, 1.0]","['fire_1', 'fire_1', 'fire_2']","[True, False, True]","[0, 0, 10]","[30, 0, 20, 40, 25]","['starter_0', 'None', 'fire_3']","['fire_0', 'None', 'fire_3']"
40,"[8, 5, 6]",0.0,"[3.0, 0.0, 2.0, 4.0, 6.0, 3.0, 3.0, 0.0, 2.0, 4.0, 6.0, 3.0, 5.0, 4.0, 2.0, 0.0, 2.0, 3.0, 1.0, 1.0, 3.0, 0.0, 0.0, 0.0, 30.0, 0.0, 20.0, 30.0, 25.0, 0.0, 0.0, 0.0, 0.0, 0.0, 0.0, 0.0, 0.0, 1.0, 0.0, 0.0, 0.0, 0.0, 0.0, 0.0, 1.0, 0.0, 0.0, 0.0, 0.0, 0.0, 0.0, 0.0, 0.0, 0.0, 0.0, 0.0, 0.0, 0.0, 0.0, 1.0, 0.0, 0.0, 0.0, 0.0, 0.0, 0.0, 0.0, 0.0, 0.0, 0.0, 0.0, 1.0, 0.0, 0.0, 0.0, 0.0, 0.0, 0.0, 0.0, 0.0, 0.0, 0.0, 0.0, 0.0, 0.0, 0.0, 0.0, 0.0, 0.0, 1.0, 1.0, 0.0]","['fire_1', 'fire_1', 'fire_3']","[True, True, False]","[0, 0, 0]","[30, 0, 20, 30, 25]","['starter_0', 'depot_0', 'None']","['fire_0', 'fire_2', 'None']"
41,"[8, 5, 6]",0.0,"[3.0, 0.0, 2.0, 4.0, 6.0, 3.0, 3.0, 0.0, 2.0, 4.0, 6.0, 3.0, 5.0, 4.0, 2.0, 0.0, 2.0, 3.0, 1.0, 1.0, 3.0, 0.0, 0.0, 0.0, 30.0, 0.0, 20.0, 30.0, 25.0, 0.0, 0.0, 0.0, 0.0, 0.0, 0.0, 0.0, 0.0, 1.0, 0.0, 0.0, 0.0, 0.0, 0.0, 0.0, 1.0, 0.0, 0.0, 0.0, 0.0, 0.0, 0.0, 0.0, 0.0, 0.0, 0.0, 1.0, 0.0, 0.0, 0.0, 1.0, 0.0, 0.0, 0.0, 0.0, 0.0, 0.0, 0.0, 0.0, 0.0, 0.0, 0.0, 1.0, 0.0, 0.0, 0.0, 0.0, 0.0, 0.0, 0.0, 0.0, 0.0, 0.0, 0.0, 0.0, 0.0, 1.0, 0.0, 0.0, 0.0, 1.0, 1.0, 1.0]","['fire_1', 'fire_1', 'fire_3']","[True, True, True]","[0, 0, 0]","[30, 0, 20, 30, 25]","['starter_0', 'depot_0', 'depot_1']","['fire_0', 'fire_2', 'depot_1']"
42,"[8, 5, 6]",0.0,"[0.0, 3.0, 5.0, 5.0, 7.0, 3.0, 5.0, 2.0, 0.0, 2.0, 4.0, 2.0, 5.0, 4.0, 2.0, 0.0, 2.0, 3.0, 0.0, 2.0, 3.0, 0.0, 0.0, 0.0, 30.0, 0.0, 20.0, 30.0, 25.0, 0.0, 0.0, 0.0, 0.0, 0.0, 0.0, 0.0, 0.0, 1.0, 0.0, 0.0, 0.0, 0.0, 0.0, 0.0, 1.0, 0.0, 0.0, 0.0, 0.0, 0.0, 0.0, 0.0, 0.0, 0.0, 0.0, 1.0, 0.0, 0.0, 0.0, 0.0, 0.0, 0.0, 0.0, 0.0, 0.0, 0.0, 0.0, 1.0, 0.0, 0.0, 0.0, 0.0, 0.0, 0.0, 1.0, 0.0, 0.0, 0.0, 0.0, 0.0, 0.0, 0.0, 0.0, 0.0, 0.0, 1.0, 0.0, 0.0, 0.0, 1.0, 1.0, 1.0]","['fire_0', 'fire_2', 'fire_3']","[True, True, True]","[0, 0, 0]","[30, 0, 20, 30, 25]","['starter_0', 'depot_0', 'depot_1']","['starter_0', 'depot_0', 'depot_1']"
43,"[8, 5, 6]",10.0,"[0.0, 3.0, 5.0, 5.0, 7.0, 3.0, 5.0, 2.0, 0.0, 2.0, 4.0, 2.0, 5.0, 4.0, 2.0, 0.0, 2.0, 3.0, 0.0, 2.0, 3.0, 0.0, 0.0, 0.0, 30.0, 0.0, 20.0, 30.0, 25.0, 0.0, 0.0, 0.0, 0.0, 0.0, 0.0, 0.0, 0.0, 1.0, 0.0, 0.0, 0.0, 0.0, 0.0, 0.0, 1.0, 0.0, 0.0, 0.0, 0.0, 0.0, 0.0, 0.0, 0.0, 0.0, 0.0, 1.0, 0.0, 0.0, 0.0, 0.0, 0.0, 0.0, 0.0, 0.0, 0.0, 0.0, 0.0, 1.0, 0.0, 0.0, 0.0, 0.0, 0.0, 0.0, 1.0, 0.0, 0.0, 0.0, 0.0, 0.0, 0.0, 0.0, 0.0, 0.0, 0.0, 1.0, 0.0, 0.0, 0.0, 1.0, 1.0, 1.0]","['fire_0', 'fire_2', 'fire_3']","[True, True, True]","[0, 0, 0]","[30, 0, 20, 30, 25]","['starter_0', 'depot_0', 'depot_1']","['starter_0', 'depot_0', 'depot_1']"
44,"[8, 4, 3]",-0.5,"[2.0, 5.0, 3.0, 5.0, 7.0, 1.0, 3.0, 4.0, 2.0, 4.0, 6.0, 0.0, 6.0, 3.0, 5.0, 3.0, 5.0, 0.0, 8.0, 5.0, 6.0, 0.0, 10.0, 10.0, 30.0, 0.0, 20.0, 30.0, 25.0, 0.0, 0.0, 0.0, 0.0, 0.0, 0.0, 0.0, 0.0, 0.0, 0.0, 0.0, 0.0, 0.0, 0.0, 0.0, 0.0, 0.0, 0.0, 0.0, 0.0, 0.0, 0.0, 0.0, 0.0, 0.0, 0.0, 0.0, 0.0, 0.0, 0.0, 0.0, 0.0, 0.0, 0.0, 0.0, 0.0, 0.0, 0.0, 0.0, 0.0, 0.0, 0.0, 0.0, 0.0, 0.0, 0.0, 0.0, 0.0, 0.0, 0.0, 0.0, 0.0, 0.0, 0.0, 0.0, 0.0, 0.0, 0.0, 0.0, 0.0, 0.0, 0.0, 0.0]","['starter_0', 'depot_0', 'depot_1']","[False, False, False]","[0, 10, 10]","[30, 0, 20, 30, 25]","['None', 'None', 'None']","['None', 'None', 'None']"
45,"[5, 4, 3]",0.0,"[2.0, 5.0, 3.0, 5.0, 7.0, 1.0, 3.0, 4.0, 2.0, 4.0, 6.0, 0.0, 6.0, 3.0, 5.0, 3.0, 5.0, 0.0, 8.0, 5.0, 6.0, 0.0, 10.0, 10.0, 30.0, 0.0, 20.0, 30.0, 25.0, 0.0, 0.0, 0.0, 0.0, 0.0, 0.0, 0.0, 0.0, 0.0, 0.0, 0.0, 0.0, 0.0, 0.0, 1.0, 0.0, 0.0, 0.0, 0.0, 0.0, 0.0, 0.0, 0.0, 1.0, 0.0, 0.0, 0.0, 0.0, 0.0, 0.0, 0.0, 0.0, 0.0, 0.0, 0.0, 0.0, 0.0, 0.0, 0.0, 0.0, 0.0, 0.0, 1.0, 0.0, 0.0, 0.0, 0.0, 0.0, 0.0, 0.0, 0.0, 0.0, 0.0, 1.0, 0.0, 0.0, 0.0, 0.0, 0.0, 0.0, 0.0, 1.0, 1.0]","['starter_0', 'depot_0', 'depot_1']","[False, True, True]","[0, 10, 10]","[30, 0, 20, 30, 25]","['None', 'fire_4', 'fire_3']","['None', 'fire_2', 'fire_3']"
46,"[5, 4, 3]",5.0,"[2.0, 5.0, 3.0, 5.0, 7.0, 1.0, 3.0, 4.0, 2.0, 4.0, 6.0, 0.0, 6.0, 3.0, 5.0, 3.0, 5.0, 0.0, 8.0, 5.0, 6.0, 0.0, 10.0, 10.0, 30.0, 0.0, 20.0, 30.0, 25.0, 0.0, 0.0, 0.0, 0.0, 0.0, 1.0, 0.0, 0.0, 0.0, 0.0, 0.0, 0.0, 0.0, 0.0, 1.0, 0.0, 0.0, 0.0, 0.0, 0.0, 0.0, 0.0, 0.0, 1.0, 0.0, 0.0, 0.0, 0.0, 0.0, 0.0, 0.0, 0.0, 0.0, 0.0, 0.0, 1.0, 0.0, 0.0, 0.0, 0.0, 0.0, 0.0, 1.0, 0.0, 0.0, 0.0, 0.0, 0.0, 0.0, 0.0, 0.0, 0.0, 0.0, 1.0, 0.0, 0.0, 0.0, 0.0, 0.0, 0.0, 1.0, 1.0, 1.0]","['starter_0', 'depot_0', 'depot_1']","[True, True, True]","[0, 10, 10]","[30, 0, 20, 30, 25]","['depot_0', 'fire_4', 'fire_3']","['depot_0', 'fire_2', 'fire_3']"
47,"[1, 4, 3]",5.0,"[3.0, 4.0, 2.0, 4.0, 6.0, 0.0, 5.0, 2.0, 0.0, 2.0, 4.0, 2.0, 6.0, 3.0, 5.0, 3.0, 5.0, 0.0, 5.0, 2.0, 6.0, 10.0, 10.0, 10.0, 30.0, 0.0, 20.0, 30.0, 25.0, 0.0, 0.0, 0.0, 0.0, 0.0, 0.0, 0.0, 0.0, 0.0, 0.0, 0.0, 0.0, 0.0, 0.0, 1.0, 0.0, 0.0, 0.0, 0.0, 0.0, 0.0, 0.0, 0.0, 1.0, 0.0, 0.0, 0.0, 0.0, 0.0, 0.0, 0.0, 0.0, 0.0, 0.0, 0.0, 0.0, 0.0, 0.0, 0.0, 0.0, 0.0, 0.0, 0.0, 1.0, 0.0, 0.0, 0.0, 0.0, 0.0, 0.0, 0.0, 0.0, 0.0, 1.0, 0.0, 0.0, 0.0, 0.0, 0.0, 0.0, 0.0, 1.0, 1.0]","['depot_0', 'fire_2', 'depot_1']","[False, True, True]","[10, 10, 10]","[30, 0, 20, 30, 25]","['None', 'fire_4', 'fire_3']","['None', 'fire_3', 'fire_3']"
48,"[1, 4, 8]",0.0,"[3.0, 4.0, 2.0, 4.0, 6.0, 0.0, 5.0, 2.0, 0.0, 2.0, 4.0, 2.0, 5.0, 4.0, 2.0, 0.0, 2.0, 3.0, 5.0, 2.0, 3.0, 10.0, 10.0, 0.0, 30.0, 0.0, 20.0, 20.0, 25.0, 0.0, 1.0, 0.0, 0.0, 0.0, 0.0, 0.0, 0.0, 0.0, 0.0, 0.0, 0.0, 0.0, 0.0, 1.0, 0.0, 0.0, 0.0, 0.0, 0.0, 0.0, 0.0, 0.0, 0.0, 0.0, 0.0, 0.0, 0.0, 0.0, 0.0, 0.0, 0.0, 1.0, 0.0, 0.0, 0.0, 0.0, 0.0, 0.0, 0.0, 0.0, 0.0, 0.0, 1.0, 0.0, 0.0, 0.0, 0.0, 0.0, 0.0, 0.0, 0.0, 0.0, 0.0, 0.0, 0.0, 0.0, 0.0, 0.0, 0.0, 1.0, 1.0, 0.0]","['depot_0', 'fire_2', 'fire_3']","[True, True, False]","[10, 10, 0]","[30, 0, 20, 20, 25]","['fire_1', 'fire_4', 'None']","['fire_2', 'fire_3', 'None']"
49,"[1, 4, 8]",-0.5,"[3.0, 4.0, 2.0, 4.0, 6.0, 0.0, 5.0, 4.0, 2.0, 0.0, 2.0, 3.0, 5.0, 4.0, 2.0, 0.0, 2.0, 3.0, 5.0, 3.0, 3.0, 10.0, 10.0, 0.0, 30.0, 0.0, 20.0, 20.0, 25.0, 0.0, 1.0, 0.0, 0.0, 0.0, 0.0, 0.0, 0.0, 0.0, 0.0, 0.0, 0.0, 0.0, 0.0, 1.0, 0.0, 0.0, 0.0, 0.0, 0.0, 0.0, 0.0, 0.0, 0.0, 0.0, 0.0, 0.0, 0.0, 1.0, 0.0, 0.0, 0.0, 1.0, 0.0, 0.0, 0.0, 0.0, 0.0, 0.0, 0.0, 0.0, 0.0, 0.0, 0.0, 1.0, 0.0, 0.0, 0.0, 0.0, 0.0, 0.0, 0.0, 1.0, 0.0, 0.0, 0.0, 0.0, 0.0, 0.0, 0.0, 1.0, 1.0, 1.0]","['depot_0', 'fire_3', 'fire_3']","[True, True, True]","[10, 10, 0]","[30, 0, 20, 20, 25]","['fire_1', 'fire_4', 'starter_0']","['fire_2', 'fire_4', 'fire_2']"
50,"[1, 4, 8]",5.0,"[5.0, 2.0, 0.0, 2.0, 4.0, 2.0, 5.0, 4.0, 2.0, 0.0, 2.0, 3.0, 5.0, 4.0, 2.0, 0.0, 2.0, 3.0, 2.0, 3.0, 3.0, 10.0, 10.0, 0.0, 30.0, 0.0, 20.0, 20.0, 25.0, 0.0, 1.0, 0.0, 0.0, 0.0, 0.0, 0.0, 0.0, 0.0, 0.0, 0.0, 0.0, 0.0, 0.0, 1.0, 0.0, 0.0, 0.0, 0.0, 0.0, 0.0, 0.0, 0.0, 0.0, 0.0, 0.0, 0.0, 0.0, 1.0, 0.0, 0.0, 1.0, 0.0, 0.0, 0.0, 0.0, 0.0, 0.0, 0.0, 0.0, 0.0, 0.0, 0.0, 0.0, 1.0, 0.0, 0.0, 0.0, 0.0, 0.0, 0.0, 0.0, 1.0, 0.0, 0.0, 0.0, 0.0, 0.0, 0.0, 0.0, 1.0, 1.0, 1.0]","['fire_2', 'fire_3', 'fire_3']","[True, True, True]","[10, 10, 0]","[30, 0, 20, 20, 25]","['fire_1', 'fire_4', 'starter_0']","['fire_1', 'fire_4', 'fire_2']"
51,"[1, 7, 8]",0.0,"[5.0, 2.0, 0.0, 2.0, 4.0, 2.0, 7.0, 6.0, 4.0, 2.0, 0.0, 3.0, 5.0, 2.0, 0.0, 2.0, 4.0, 2.0, 2.0, 4.0, 2.0, 10.0, 0.0, 0.0, 30.0, 0.0, 20.0, 20.0, 15.0, 0.0, 1.0, 0.0, 0.0, 0.0, 0.0, 0.0, 0.0, 0.0, 0.0, 0.0, 0.0, 0.0, 0.0, 0.0, 0.0, 0.0, 0.0, 0.0, 0.0, 0.0, 0.0, 0.0, 0.0, 0.0, 0.0, 0.0, 0.0, 1.0, 0.0, 0.0, 1.0, 0.0, 0.0, 0.0, 0.0, 0.0, 0.0, 0.0, 0.0, 0.0, 0.0, 0.0, 0.0, 0.0, 0.0, 0.0, 0.0, 0.0, 0.0, 0.0, 0.0, 0.0, 0.0, 0.0, 1.0, 0.0, 0.0, 0.0, 0.0, 1.0, 0.0, 1.0]","['fire_2', 'fire_4', 'fire_2']","[True, False, True]","[10, 0, 0]","[30, 0, 20, 20, 15]","['fire_1', 'None', 'starter_0']","['fire_1', 'None', 'depot_0']"
52,"[0, 7, 8]",0.0,"[3.0, 0.0, 2.0, 4.0, 6.0, 3.0, 7.0, 6.0, 4.0, 2.0, 0.0, 3.0, 5.0, 2.0, 0.0, 2.0, 4.0, 2.0, 1.0, 4.0, 2.0, 10.0, 0.0, 0.0, 30.0, 0.0, 20.0, 20.0, 15.0, 0.0, 0.0, 0.0, 0.0, 0.0, 0.0, 0.0, 0.0, 0.0, 0.0, 0.0, 0.0, 0.0, 0.0, 0.0, 0.0, 0.0, 1.0, 0.0, 0.0, 0.0, 0.0, 0.0, 0.0, 0.0, 0.0, 0.0, 0.0, 1.0, 0.0, 0.0, 0.0, 0.0, 0.0, 0.0, 0.0, 0.0, 0.0, 0.0, 0.0, 0.0, 0.0, 0.0, 0.0, 0.0, 0.0, 0.0, 1.0, 0.0, 0.0, 0.0, 0.0, 0.0, 0.0, 0.0, 1.0, 0.0, 0.0, 0.0, 0.0, 0.0, 1.0, 1.0]","['fire_1', 'fire_4', 'fire_2']","[False, True, True]","[10, 0, 0]","[30, 0, 20, 20, 15]","['None', 'depot_2', 'starter_0']","['None', 'depot_2', 'depot_0']"
53,"[0, 7, 8]",0.0,"[3.0, 0.0, 2.0, 4.0, 6.0, 3.0, 7.0, 6.0, 4.0, 2.0, 0.0, 3.0, 3.0, 4.0, 2.0, 4.0, 6.0, 0.0, 1.0, 4.0, 5.0, 10.0, 0.0, 0.0, 30.0, 0.0, 20.0, 20.0, 15.0, 1.0, 0.0, 0.0, 0.0, 0.0, 0.0, 0.0, 0.0, 0.0, 0.0, 0.0, 0.0, 0.0, 0.0, 0.0, 0.0, 0.0, 1.0, 0.0, 0.0, 0.0, 0.0, 0.0, 0.0, 0.0, 0.0, 0.0, 0.0, 1.0, 0.0, 1.0, 0.0, 0.0, 0.0, 0.0, 0.0, 0.0, 0.0, 0.0, 0.0, 0.0, 0.0, 0.0, 0.0, 0.0, 0.0, 0.0, 1.0, 0.0, 0.0, 0.0, 0.0, 0.0, 0.0, 0.0, 0.0, 0.0, 0.0, 1.0, 0.0, 1.0, 1.0, 1.0]","['fire_1', 'fire_4', 'depot_0']","[True, True, True]","[10, 0, 0]","[30, 0, 20, 20, 15]","['fire_0', 'depot_2', 'starter_0']","['fire_0', 'depot_2', 'starter_0']"
54,"[0, 7, 5]",5.0,"[3.0, 0.0, 2.0, 4.0, 6.0, 3.0, 7.0, 6.0, 4.0, 2.0, 0.0, 3.0, 2.0, 5.0, 3.0, 5.0, 7.0, 1.0, 1.0, 4.0, 8.0, 10.0, 0.0, 0.0, 30.0, 0.0, 20.0, 20.0, 15.0, 1.0, 0.0, 0.0, 0.0, 0.0, 0.0, 0.0, 0.0, 0.0, 0.0, 0.0, 0.0, 0.0, 0.0, 0.0, 0.0, 0.0, 1.0, 0.0, 0.0, 0.0, 0.0, 0.0, 0.0, 0.0, 0.0, 0.0, 0.0, 0.0, 0.0, 1.0, 0.0, 0.0, 0.0, 0.0, 0.0, 0.0, 0.0, 0.0, 0.0, 0.0, 0.0, 0.0, 0.0, 0.0, 0.0, 0.0, 1.0, 0.0, 0.0, 0.0, 0.0, 0.0, 0.0, 0.0, 0.0, 0.0, 0.0, 0.0, 0.0, 1.0, 1.0, 0.0]","['fire_1', 'fire_4', 'starter_0']","[True, True, False]","[10, 0, 0]","[30, 0, 20, 20, 15]","['fire_0', 'depot_2', 'None']","['fire_0', 'depot_2', 'None']"
55,"[0, 3, 5]",10.0,"[3.0, 0.0, 2.0, 4.0, 6.0, 3.0, 10.0, 7.0, 7.0, 5.0, 3.0, 0.0, 2.0, 5.0, 3.0, 5.0, 7.0, 1.0, 1.0, 7.0, 8.0, 10.0, 10.0, 0.0, 30.0, 0.0, 20.0, 20.0, 15.0, 1.0, 0.0, 0.0, 0.0, 0.0, 0.0, 0.0, 0.0, 0.0, 0.0, 0.0, 0.0, 0.0, 0.0, 0.0, 0.0, 0.0, 0.0, 0.0, 0.0, 0.0, 0.0, 0.0, 0.0, 0.0, 1.0, 0.0, 0.0, 0.0, 0.0, 1.0, 0.0, 0.0, 0.0, 0.0, 0.0, 0.0, 0.0, 0.0, 0.0, 0.0, 0.0, 0.0, 0.0, 0.0, 0.0, 0.0, 0.0, 0.0, 0.0, 0.0, 0.0, 0.0, 0.0, 0.0, 1.0, 0.0, 0.0, 0.0, 0.0, 1.0, 0.0, 1.0]","['fire_1', 'depot_2', 'starter_0']","[True, False, True]","[10, 10, 0]","[30, 0, 20, 20, 15]","['fire_0', 'None', 'depot_0']","['fire_0', 'None', 'depot_0']"
56,"[2, 3, 4]",0.0,"[0.0, 3.0, 5.0, 5.0, 7.0, 3.0, 10.0, 7.0, 7.0, 5.0, 3.0, 0.0, 3.0, 4.0, 2.0, 4.0, 6.0, 0.0, 0.0, 7.0, 5.0, 0.0, 10.0, 10.0, 20.0, 0.0, 20.0, 20.0, 15.0, 0.0, 0.0, 0.0, 0.0, 0.0, 0.0, 0.0, 0.0, 0.0, 0.0, 0.0, 0.0, 0.0, 1.0, 0.0, 0.0, 0.0, 0.0, 0.0, 0.0, 0.0, 0.0, 0.0, 0.0, 0.0, 0.0, 0.0, 0.0, 0.0, 0.0, 0.0, 0.0, 0.0, 0.0, 0.0, 0.0, 0.0, 0.0, 0.0, 0.0, 0.0, 0.0, 0.0, 0.0, 1.0, 0.0, 0.0, 0.0, 0.0, 0.0, 0.0, 0.0, 0.0, 0.0, 0.0, 0.0, 0.0, 0.0, 0.0, 0.0, 0.0, 1.0, 0.0]","['fire_0', 'depot_2', 'depot_0']","[False, True, False]","[0, 10, 10]","[20, 0, 20, 20, 15]","['None', 'fire_3', 'None']","['None', 'fire_4', 'None']"
57,"[2, 3, 4]",0.0,"[0.0, 3.0, 5.0, 5.0, 7.0, 3.0, 10.0, 7.0, 7.0, 5.0, 3.0, 0.0, 3.0, 4.0, 2.0, 4.0, 6.0, 0.0, 0.0, 7.0, 5.0, 0.0, 10.0, 10.0, 20.0, 0.0, 20.0, 20.0, 15.0, 0.0, 0.0, 1.0, 0.0, 0.0, 0.0, 0.0, 0.0, 0.0, 0.0, 0.0, 0.0, 0.0, 1.0, 0.0, 0.0, 0.0, 0.0, 0.0, 0.0, 0.0, 0.0, 0.0, 0.0, 1.0, 0.0, 0.0, 0.0, 0.0, 0.0, 0.0, 1.0, 0.0, 0.0, 0.0, 0.0, 0.0, 0.0, 0.0, 0.0, 0.0, 0.0, 0.0, 0.0, 1.0, 0.0, 0.0, 0.0, 0.0, 0.0, 0.0, 0.0, 1.0, 0.0, 0.0, 0.0, 0.0, 0.0, 0.0, 0.0, 1.0, 1.0, 1.0]","['fire_0', 'depot_2', 'depot_0']","[True, True, True]","[0, 10, 10]","[20, 0, 20, 20, 15]","['fire_2', 'fire_3', 'fire_4']","['fire_1', 'fire_4', 'fire_2']"
58,"[2, 3, 4]",0.0,"[0.0, 3.0, 5.0, 5.0, 7.0, 3.0, 10.0, 7.0, 7.0, 5.0, 3.0, 0.0, 3.0, 4.0, 2.0, 4.0, 6.0, 0.0, 0.0, 7.0, 5.0, 0.0, 10.0, 10.0, 20.0, 0.0, 20.0, 20.0, 15.0, 0.0, 0.0, 1.0, 0.0, 0.0, 0.0, 0.0, 0.0, 0.0, 0.0, 0.0, 0.0, 0.0, 1.0, 0.0, 0.0, 0.0, 0.0, 0.0, 0.0, 0.0, 0.0, 0.0, 0.0, 1.0, 0.0, 0.0, 0.0, 0.0, 0.0, 0.0, 1.0, 0.0, 0.0, 0.0, 0.0, 0.0, 0.0, 0.0, 0.0, 0.0, 0.0, 0.0, 0.0, 1.0, 0.0, 0.0, 0.0, 0.0, 0.0, 0.0, 0.0, 1.0, 0.0, 0.0, 0.0, 0.0, 0.0, 0.0, 0.0, 1.0, 1.0, 1.0]","['fire_0', 'depot_2', 'depot_0']","[True, True, True]","[0, 10, 10]","[20, 0, 20, 20, 15]","['fire_2', 'fire_3', 'fire_4']","['fire_1', 'fire_4', 'fire_2']"
59,"[2, 3, 4]",0.0,"[0.0, 3.0, 5.0, 5.0, 7.0, 3.0, 7.0, 6.0, 4.0, 2.0, 0.0, 3.0, 5.0, 2.0, 0.0, 2.0, 4.0, 2.0, 0.0, 4.0, 2.0, 0.0, 10.0, 10.0, 20.0, 0.0, 20.0, 20.0, 15.0, 0.0, 0.0, 1.0, 0.0, 0.0, 0.0, 0.0, 0.0, 0.0, 0.0, 0.0, 0.0, 0.0, 1.0, 0.0, 0.0, 0.0, 0.0, 0.0, 0.0, 0.0, 0.0, 0.0, 0.0, 1.0, 0.0, 0.0, 0.0, 0.0, 0.0, 0.0, 1.0, 0.0, 0.0, 0.0, 0.0, 0.0, 0.0, 0.0, 0.0, 0.0, 0.0, 0.0, 1.0, 0.0, 0.0, 0.0, 0.0, 0.0, 0.0, 0.0, 0.0, 0.0, 1.0, 0.0, 0.0, 0.0, 0.0, 0.0, 0.0, 1.0, 1.0, 1.0]","['fire_0', 'fire_4', 'fire_2']","[True, True, True]","[0, 10, 10]","[20, 0, 20, 20, 15]","['fire_2', 'fire_3', 'fire_4']","['fire_1', 'fire_3', 'fire_3']"
60,"[2, 3, 4]",5.0,"[3.0, 0.0, 2.0, 4.0, 6.0, 3.0, 7.0, 6.0, 4.0, 2.0, 0.0, 3.0, 5.0, 2.0, 0.0, 2.0, 4.0, 2.0, 1.0, 4.0, 2.0, 0.0, 10.0, 10.0, 20.0, 0.0, 20.0, 20.0, 15.0, 0.0, 0.0, 1.0, 0.0, 0.0, 0.0, 0.0, 0.0, 0.0, 0.0, 0.0, 0.0, 0.0, 1.0, 0.0, 0.0, 0.0, 0.0, 0.0, 0.0, 0.0, 0.0, 0.0, 0.0, 1.0, 0.0, 0.0, 0.0, 0.0, 0.0, 0.0, 0.0, 1.0, 0.0, 0.0, 0.0, 0.0, 0.0, 0.0, 0.0, 0.0, 0.0, 0.0, 1.0, 0.0, 0.0, 0.0, 0.0, 0.0, 0.0, 0.0, 0.0, 0.0, 1.0, 0.0, 0.0, 0.0, 0.0, 0.0, 0.0, 1.0, 1.0, 1.0]","['fire_1', 'fire_4', 'fire_2']","[True, True, True]","[0, 10, 10]","[20, 0, 20, 20, 15]","['fire_2', 'fire_3', 'fire_4']","['fire_2', 'fire_3', 'fire_3']"
61,"[2, 5, 4]",-1.0,"[3.0, 0.0, 2.0, 4.0, 6.0, 3.0, 5.0, 4.0, 2.0, 0.0, 2.0, 3.0, 5.0, 4.0, 2.0, 0.0, 2.0, 3.0, 1.0, 3.0, 3.0, 0.0, 0.0, 10.0, 20.0, 0.0, 20.0, 10.0, 15.0, 0.0, 0.0, 1.0, 0.0, 0.0, 0.0, 0.0, 0.0, 0.0, 0.0, 0.0, 0.0, 0.0, 0.0, 0.0, 0.0, 0.0, 0.0, 0.0, 0.0, 0.0, 0.0, 0.0, 0.0, 1.0, 0.0, 0.0, 0.0, 0.0, 0.0, 0.0, 0.0, 1.0, 0.0, 0.0, 0.0, 0.0, 0.0, 0.0, 0.0, 0.0, 0.0, 0.0, 0.0, 0.0, 0.0, 0.0, 0.0, 0.0, 0.0, 0.0, 0.0, 0.0, 0.0, 1.0, 0.0, 0.0, 0.0, 0.0, 0.0, 1.0, 0.0, 1.0]","['fire_1', 'fire_3', 'fire_3']","[True, False, True]","[0, 0, 10]","[20, 0, 20, 10, 15]","['fire_2', 'None', 'fire_4']","['fire_2', 'None', 'fire_4']"
62,"[5, 5, 4]",5.0,"[5.0, 2.0, 0.0, 2.0, 4.0, 2.0, 5.0, 4.0, 2.0, 0.0, 2.0, 3.0, 5.0, 4.0, 2.0, 0.0, 2.0, 3.0, 2.0, 3.0, 3.0, 0.0, 0.0, 10.0, 20.0, 0.0, 20.0, 10.0, 15.0, 0.0, 0.0, 0.0, 0.0, 0.0, 0.0, 0.0, 0.0, 0.0, 0.0, 0.0, 0.0, 0.0, 0.0, 0.0, 1.0, 0.0, 0.0, 0.0, 0.0, 0.0, 0.0, 0.0, 0.0, 1.0, 0.0, 0.0, 0.0, 0.0, 0.0, 0.0, 0.0, 0.0, 0.0, 0.0, 0.0, 0.0, 0.0, 0.0, 0.0, 0.0, 0.0, 1.0, 0.0, 0.0, 0.0, 0.0, 0.0, 0.0, 0.0, 0.0, 0.0, 0.0, 0.0, 1.0, 0.0, 0.0, 0.0, 0.0, 0.0, 0.0, 1.0, 1.0]","['fire_2', 'fire_3', 'fire_3']","[False, True, True]","[0, 0, 10]","[20, 0, 20, 10, 15]","['None', 'depot_0', 'fire_4']","['None', 'fire_2', 'fire_4']"
63,"[5, 5, 5]",0.0,"[5.0, 2.0, 0.0, 2.0, 4.0, 2.0, 5.0, 4.0, 2.0, 0.0, 2.0, 3.0, 7.0, 6.0, 4.0, 2.0, 0.0, 3.0, 2.0, 3.0, 4.0, 0.0, 0.0, 0.0, 20.0, 0.0, 20.0, 10.0, 5.0, 0.0, 0.0, 0.0, 0.0, 0.0, 1.0, 0.0, 0.0, 0.0, 0.0, 0.0, 0.0, 0.0, 0.0, 0.0, 1.0, 0.0, 0.0, 0.0, 0.0, 0.0, 0.0, 0.0, 0.0, 0.0, 0.0, 0.0, 0.0, 0.0, 0.0, 0.0, 0.0, 0.0, 0.0, 0.0, 1.0, 0.0, 0.0, 0.0, 0.0, 0.0, 0.0, 1.0, 0.0, 0.0, 0.0, 0.0, 0.0, 0.0, 0.0, 0.0, 0.0, 0.0, 0.0, 0.0, 0.0, 0.0, 0.0, 0.0, 0.0, 1.0, 1.0, 0.0]","['fire_2', 'fire_3', 'fire_4']","[True, True, False]","[0, 0, 0]","[20, 0, 20, 10, 5]","['depot_0', 'depot_0', 'None']","['depot_0', 'fire_2', 'None']"
64,"[5, 5, 5]",5.0,"[5.0, 2.0, 0.0, 2.0, 4.0, 2.0, 5.0, 2.0, 0.0, 2.0, 4.0, 2.0, 7.0, 6.0, 4.0, 2.0, 0.0, 3.0, 2.0, 2.0, 4.0, 0.0, 0.0, 0.0, 20.0, 0.0, 20.0, 10.0, 5.0, 0.0, 0.0, 0.0, 0.0, 0.0, 1.0, 0.0, 0.0, 0.0, 0.0, 0.0, 0.0, 0.0, 0.0, 0.0, 1.0, 0.0, 0.0, 0.0, 0.0, 0.0, 0.0, 0.0, 0.0, 0.0, 1.0, 0.0, 0.0, 0.0, 0.0, 0.0, 0.0, 0.0, 0.0, 0.0, 1.0, 0.0, 0.0, 0.0, 0.0, 0.0, 0.0, 0.0, 0.0, 0.0, 1.0, 0.0, 0.0, 0.0, 0.0, 0.0, 0.0, 0.0, 1.0, 0.0, 0.0, 0.0, 0.0, 0.0, 0.0, 1.0, 1.0, 1.0]","['fire_2', 'fire_2', 'fire_4']","[True, True, True]","[0, 0, 0]","[20, 0, 20, 10, 5]","['depot_0', 'depot_0', 'depot_0']","['depot_0', 'depot_0', 'fire_3']"
65,"[3, 5, 5]",5.0,"[3.0, 4.0, 2.0, 4.0, 6.0, 0.0, 5.0, 2.0, 0.0, 2.0, 4.0, 2.0, 7.0, 6.0, 4.0, 2.0, 0.0, 3.0, 5.0, 2.0, 4.0, 10.0, 0.0, 0.0, 20.0, 0.0, 20.0, 10.0, 5.0, 0.0, 0.0, 0.0, 0.0, 0.0, 0.0, 0.0, 0.0, 0.0, 0.0, 0.0, 0.0, 0.0, 0.0, 0.0, 1.0, 0.0, 0.0, 0.0, 0.0, 0.0, 0.0, 0.0, 0.0, 0.0, 1.0, 0.0, 0.0, 0.0, 0.0, 0.0, 0.0, 0.0, 0.0, 0.0, 0.0, 0.0, 0.0, 0.0, 0.0, 0.0, 0.0, 0.0, 0.0, 0.0, 1.0, 0.0, 0.0, 0.0, 0.0, 0.0, 0.0, 0.0, 1.0, 0.0, 0.0, 0.0, 0.0, 0.0, 0.0, 0.0, 1.0, 1.0]","['depot_0', 'fire_2', 'fire_4']","[False, True, True]","[10, 0, 0]","[20, 0, 20, 10, 5]","['None', 'depot_0', 'depot_0']","['None', 'depot_0', 'fire_3']"
66,"[3, 0, 5]",0.0,"[3.0, 4.0, 2.0, 4.0, 6.0, 0.0, 3.0, 4.0, 2.0, 4.0, 6.0, 0.0, 5.0, 4.0, 2.0, 0.0, 2.0, 3.0, 5.0, 5.0, 3.0, 10.0, 10.0, 0.0, 20.0, 0.0, 20.0, 10.0, 5.0, 0.0, 0.0, 0.0, 1.0, 0.0, 0.0, 0.0, 0.0, 0.0, 0.0, 0.0, 0.0, 0.0, 0.0, 0.0, 0.0, 0.0, 0.0, 0.0, 0.0, 0.0, 0.0, 0.0, 0.0, 0.0, 1.0, 0.0, 0.0, 0.0, 0.0, 0.0, 0.0, 1.0, 0.0, 0.0, 0.0, 0.0, 0.0, 0.0, 0.0, 0.0, 0.0, 0.0, 0.0, 0.0, 0.0, 0.0, 0.0, 0.0, 0.0, 0.0, 0.0, 1.0, 0.0, 0.0, 0.0, 0.0, 0.0, 0.0, 0.0, 1.0, 0.0, 1.0]","['depot_0', 'depot_0', 'fire_3']","[True, False, True]","[10, 10, 0]","[20, 0, 20, 10, 5]","['fire_3', 'None', 'depot_0']","['fire_2', 'None', 'fire_2']"
67,"[3, 0, 5]",0.0,"[3.0, 4.0, 2.0, 4.0, 6.0, 0.0, 3.0, 4.0, 2.0, 4.0, 6.0, 0.0, 5.0, 4.0, 2.0, 0.0, 2.0, 3.0, 5.0, 5.0, 3.0, 10.0, 10.0, 0.0, 20.0, 0.0, 20.0, 10.0, 5.0, 0.0, 0.0, 0.0, 1.0, 0.0, 0.0, 0.0, 0.0, 0.0, 0.0, 1.0, 0.0, 0.0, 0.0, 0.0, 0.0, 0.0, 0.0, 0.0, 0.0, 0.0, 0.0, 0.0, 0.0, 0.0, 1.0, 0.0, 0.0, 0.0, 0.0, 0.0, 0.0, 1.0, 0.0, 0.0, 0.0, 0.0, 0.0, 0.0, 0.0, 0.0, 0.0, 0.0, 0.0, 0.0, 0.0, 0.0, 0.0, 1.0, 0.0, 0.0, 0.0, 1.0, 0.0, 0.0, 0.0, 0.0, 0.0, 0.0, 0.0, 1.0, 1.0, 1.0]","['depot_0', 'depot_0', 'fire_3']","[True, True, True]","[10, 10, 0]","[20, 0, 20, 10, 5]","['fire_3', 'fire_0', 'depot_0']","['fire_2', 'starter_0', 'fire_2']"
68,"[3, 0, 5]",0.0,"[5.0, 2.0, 0.0, 2.0, 4.0, 2.0, 2.0, 5.0, 3.0, 5.0, 7.0, 1.0, 5.0, 2.0, 0.0, 2.0, 4.0, 2.0, 2.0, 8.0, 2.0, 10.0, 10.0, 0.0, 20.0, 0.0, 20.0, 10.0, 5.0, 0.0, 0.0, 0.0, 1.0, 0.0, 0.0, 0.0, 0.0, 0.0, 0.0, 1.0, 0.0, 0.0, 0.0, 0.0, 0.0, 0.0, 0.0, 0.0, 0.0, 0.0, 0.0, 0.0, 0.0, 0.0, 1.0, 0.0, 0.0, 0.0, 0.0, 0.0, 0.0, 0.0, 1.0, 0.0, 0.0, 0.0, 0.0, 0.0, 0.0, 1.0, 0.0, 0.0, 0.0, 0.0, 0.0, 0.0, 0.0, 0.0, 0.0, 0.0, 0.0, 0.0, 0.0, 0.0, 1.0, 0.0, 0.0, 0.0, 0.0, 1.0, 1.0, 1.0]","['fire_2', 'starter_0', 'fire_2']","[True, True, True]","[10, 10, 0]","[20, 0, 20, 10, 5]","['fire_3', 'fire_0', 'depot_0']","['fire_3', 'fire_0', 'depot_0']"
69,"[3, 0, 5]",15.0,"[5.0, 2.0, 0.0, 2.0, 4.0, 2.0, 2.0, 5.0, 3.0, 5.0, 7.0, 1.0, 5.0, 2.0, 0.0, 2.0, 4.0, 2.0, 2.0, 8.0, 2.0, 10.0, 10.0, 0.0, 20.0, 0.0, 20.0, 10.0, 5.0, 0.0, 0.0, 0.0, 1.0, 0.0, 0.0, 0.0, 0.0, 0.0, 0.0, 1.0, 0.0, 0.0, 0.0, 0.0, 0.0, 0.0, 0.0, 0.0, 0.0, 0.0, 0.0, 0.0, 0.0, 0.0, 1.0, 0.0, 0.0, 0.0, 0.0, 0.0, 0.0, 0.0, 1.0, 0.0, 0.0, 0.0, 0.0, 0.0, 0.0, 1.0, 0.0, 0.0, 0.0, 0.0, 0.0, 0.0, 0.0, 0.0, 0.0, 0.0, 0.0, 0.0, 0.0, 0.0, 1.0, 0.0, 0.0, 0.0, 0.0, 1.0, 1.0, 1.0]","['fire_2', 'starter_0', 'fire_2']","[True, True, True]","[10, 10, 0]","[20, 0, 20, 10, 5]","['fire_3', 'fire_0', 'depot_0']","['fire_3', 'fire_0', 'depot_0']"
70,"[5, 7, 0]",0.0,"[5.0, 4.0, 2.0, 0.0, 2.0, 3.0, 0.0, 3.0, 5.0, 5.0, 7.0, 3.0, 3.0, 4.0, 2.0, 4.0, 6.0, 0.0, 3.0, 0.0, 5.0, 0.0, 0.0, 10.0, 10.0, 0.0, 20.0, 0.0, 5.0, 0.0, 0.0, 0.0, 0.0, 0.0, 0.0, 0.0, 0.0, 0.0, 0.0, 0.0, 0.0, 0.0, 0.0, 0.0, 0.0, 0.0, 0.0, 0.0, 0.0, 0.0, 0.0, 0.0, 0.0, 0.0, 0.0, 0.0, 0.0, 0.0, 0.0, 0.0, 0.0, 0.0, 0.0, 0.0, 0.0, 0.0, 0.0, 0.0, 0.0, 0.0, 0.0, 0.0, 0.0, 0.0, 0.0, 0.0, 0.0, 0.0, 0.0, 0.0, 0.0, 0.0, 0.0, 0.0, 0.0, 0.0, 0.0, 0.0, 0.0, 0.0, 0.0, 0.0]","['fire_3', 'fire_0', 'depot_0']","[False, False, False]","[0, 0, 10]","[10, 0, 20, 0, 5]","['None', 'None', 'None']","['None', 'None', 'None']"
71,"[5, 7, 0]",0.0,"[5.0, 4.0, 2.0, 0.0, 2.0, 3.0, 0.0, 3.0, 5.0, 5.0, 7.0, 3.0, 3.0, 4.0, 2.0, 4.0, 6.0, 0.0, 3.0, 0.0, 5.0, 0.0, 0.0, 10.0, 10.0, 0.0, 20.0, 0.0, 5.0, 0.0, 0.0, 0.0, 0.0, 0.0, 1.0, 0.0, 0.0, 0.0, 0.0, 0.0, 0.0, 0.0, 0.0, 0.0, 0.0, 0.0, 1.0, 0.0, 0.0, 1.0, 0.0, 0.0, 0.0, 0.0, 0.0, 0.0, 0.0, 0.0, 0.0, 0.0, 0.0, 1.0, 0.0, 0.0, 0.0, 0.0, 0.0, 0.0, 0.0, 0.0, 0.0, 0.0, 1.0, 0.0, 0.0, 0.0, 0.0, 0.0, 0.0, 0.0, 0.0, 0.0, 0.0, 0.0, 0.0, 0.0, 0.0, 1.0, 0.0, 1.0, 1.0, 1.0]","['fire_3', 'fire_0', 'depot_0']","[True, True, True]","[0, 0, 10]","[10, 0, 20, 0, 5]","['depot_0', 'depot_2', 'fire_0']","['fire_2', 'fire_3', 'starter_0']"
72,"[5, 7, 0]",0.0,"[5.0, 4.0, 2.0, 0.0, 2.0, 3.0, 0.0, 3.0, 5.0, 5.0, 7.0, 3.0, 2.0, 5.0, 3.0, 5.0, 7.0, 1.0, 3.0, 0.0, 8.0, 0.0, 0.0, 10.0, 10.0, 0.0, 20.0, 0.0, 5.0, 0.0, 0.0, 0.0, 0.0, 0.0, 1.0, 0.0, 0.0, 0.0, 0.0, 0.0, 0.0, 0.0, 0.0, 0.0, 0.0, 0.0, 1.0, 0.0, 0.0, 1.0, 0.0, 0.0, 0.0, 0.0, 0.0, 0.0, 0.0, 0.0, 0.0, 0.0, 0.0, 1.0, 0.0, 0.0, 0.0, 0.0, 0.0, 0.0, 0.0, 0.0, 0.0, 0.0, 1.0, 0.0, 0.0, 0.0, 0.0, 0.0, 0.0, 1.0, 0.0, 0.0, 0.0, 0.0, 0.0, 0.0, 0.0, 0.0, 0.0, 1.0, 1.0, 1.0]","['fire_3', 'fire_0', 'starter_0']","[True, True, True]","[0, 0, 10]","[10, 0, 20, 0, 5]","['depot_0', 'depot_2', 'fire_0']","['fire_2', 'fire_3', 'fire_0']"
73,"[5, 7, 0]",5.0,"[5.0, 2.0, 0.0, 2.0, 4.0, 2.0, 0.0, 3.0, 5.0, 5.0, 7.0, 3.0, 2.0, 5.0, 3.0, 5.0, 7.0, 1.0, 2.0, 0.0, 8.0, 0.0, 0.0, 10.0, 10.0, 0.0, 20.0, 0.0, 5.0, 0.0, 0.0, 0.0, 0.0, 0.0, 1.0, 0.0, 0.0, 0.0, 0.0, 0.0, 0.0, 0.0, 0.0, 0.0, 0.0, 0.0, 1.0, 0.0, 0.0, 1.0, 0.0, 0.0, 0.0, 0.0, 0.0, 0.0, 0.0, 0.0, 0.0, 0.0, 0.0, 0.0, 0.0, 0.0, 1.0, 0.0, 0.0, 0.0, 0.0, 0.0, 0.0, 0.0, 1.0, 0.0, 0.0, 0.0, 0.0, 0.0, 0.0, 1.0, 0.0, 0.0, 0.0, 0.0, 0.0, 0.0, 0.0, 0.0, 0.0, 1.0, 1.0, 1.0]","['fire_2', 'fire_0', 'starter_0']","[True, True, True]","[0, 0, 10]","[10, 0, 20, 0, 5]","['depot_0', 'depot_2', 'fire_0']","['depot_0', 'fire_3', 'fire_0']"
74,"[5, 7, 5]",5.0,"[5.0, 2.0, 0.0, 2.0, 4.0, 2.0, 0.0, 3.0, 5.0, 5.0, 7.0, 3.0, 0.0, 3.0, 5.0, 5.0, 7.0, 3.0, 2.0, 0.0, 0.0, 0.0, 0.0, 0.0, 0.0, 0.0, 20.0, 0.0, 5.0, 0.0, 0.0, 0.0, 0.0, 0.0, 1.0, 0.0, 0.0, 0.0, 0.0, 0.0, 0.0, 0.0, 0.0, 0.0, 0.0, 0.0, 1.0, 0.0, 0.0, 0.0, 0.0, 0.0, 0.0, 0.0, 0.0, 0.0, 0.0, 0.0, 0.0, 0.0, 0.0, 0.0, 0.0, 0.0, 1.0, 0.0, 0.0, 0.0, 0.0, 0.0, 0.0, 0.0, 1.0, 0.0, 0.0, 0.0, 0.0, 0.0, 0.0, 0.0, 0.0, 0.0, 0.0, 0.0, 0.0, 0.0, 0.0, 0.0, 0.0, 1.0, 1.0, 0.0]","['fire_2', 'fire_0', 'fire_0']","[True, True, False]","[0, 0, 0]","[0, 0, 20, 0, 5]","['depot_0', 'depot_2', 'None']","['depot_0', 'fire_3', 'None']"
75,"[1, 7, 5]",0.0,"[3.0, 4.0, 2.0, 4.0, 6.0, 0.0, 0.0, 3.0, 5.0, 5.0, 7.0, 3.0, 0.0, 3.0, 5.0, 5.0, 7.0, 3.0, 5.0, 0.0, 0.0, 10.0, 0.0, 0.0, 0.0, 0.0, 20.0, 0.0, 5.0, 0.0, 0.0, 0.0, 0.0, 0.0, 0.0, 0.0, 0.0, 0.0, 0.0, 0.0, 0.0, 0.0, 0.0, 0.0, 0.0, 0.0, 1.0, 0.0, 0.0, 0.0, 0.0, 0.0, 0.0, 0.0, 1.0, 0.0, 0.0, 0.0, 0.0, 0.0, 0.0, 0.0, 0.0, 0.0, 0.0, 0.0, 0.0, 0.0, 0.0, 0.0, 0.0, 0.0, 1.0, 0.0, 0.0, 0.0, 0.0, 0.0, 0.0, 0.0, 0.0, 0.0, 0.0, 0.0, 0.0, 0.0, 0.0, 1.0, 0.0, 0.0, 1.0, 1.0]","['depot_0', 'fire_0', 'fire_0']","[False, True, True]","[10, 0, 0]","[0, 0, 20, 0, 5]","['None', 'depot_2', 'depot_0']","['None', 'fire_3', 'starter_0']"
76,"[1, 7, 5]",0.0,"[3.0, 4.0, 2.0, 4.0, 6.0, 0.0, 5.0, 4.0, 2.0, 0.0, 2.0, 3.0, 0.0, 3.0, 5.0, 5.0, 7.0, 3.0, 5.0, 3.0, 0.0, 10.0, 0.0, 0.0, 0.0, 0.0, 20.0, 0.0, 5.0, 0.0, 1.0, 0.0, 0.0, 0.0, 0.0, 0.0, 0.0, 0.0, 0.0, 0.0, 0.0, 0.0, 0.0, 0.0, 0.0, 0.0, 1.0, 0.0, 0.0, 0.0, 0.0, 0.0, 0.0, 0.0, 1.0, 0.0, 0.0, 0.0, 0.0, 0.0, 0.0, 1.0, 0.0, 0.0, 0.0, 0.0, 0.0, 0.0, 0.0, 0.0, 0.0, 0.0, 0.0, 1.0, 0.0, 0.0, 0.0, 0.0, 0.0, 0.0, 0.0, 0.0, 0.0, 0.0, 0.0, 0.0, 0.0, 1.0, 0.0, 1.0, 1.0, 1.0]","['depot_0', 'fire_3', 'fire_0']","[True, True, True]","[10, 0, 0]","[0, 0, 20, 0, 5]","['fire_1', 'depot_2', 'depot_0']","['fire_2', 'fire_4', 'starter_0']"
77,"[1, 7, 5]",4.5,"[3.0, 4.0, 2.0, 4.0, 6.0, 0.0, 5.0, 4.0, 2.0, 0.0, 2.0, 3.0, 2.0, 5.0, 3.0, 5.0, 7.0, 1.0, 5.0, 3.0, 8.0, 10.0, 0.0, 0.0, 0.0, 0.0, 20.0, 0.0, 5.0, 0.0, 1.0, 0.0, 0.0, 0.0, 0.0, 0.0, 0.0, 0.0, 0.0, 0.0, 0.0, 0.0, 0.0, 0.0, 0.0, 0.0, 1.0, 0.0, 0.0, 0.0, 0.0, 0.0, 0.0, 0.0, 1.0, 0.0, 0.0, 0.0, 0.0, 0.0, 0.0, 1.0, 0.0, 0.0, 0.0, 0.0, 0.0, 0.0, 0.0, 0.0, 0.0, 0.0, 0.0, 1.0, 0.0, 0.0, 0.0, 0.0, 0.0, 0.0, 0.0, 0.0, 0.0, 0.0, 1.0, 0.0, 0.0, 0.0, 0.0, 1.0, 1.0, 1.0]","['depot_0', 'fire_3', 'starter_0']","[True, True, True]","[10, 0, 0]","[0, 0, 20, 0, 5]","['fire_1', 'depot_2', 'depot_0']","['fire_2', 'fire_4', 'depot_0']"
78,"[1, 7, 9]",0.0,"[5.0, 2.0, 0.0, 2.0, 4.0, 2.0, 7.0, 6.0, 4.0, 2.0, 0.0, 3.0, 3.0, 4.0, 2.0, 4.0, 6.0, 0.0, 2.0, 4.0, 5.0, 10.0, 0.0, 10.0, 0.0, 0.0, 20.0, 0.0, 5.0, 0.0, 1.0, 0.0, 0.0, 0.0, 0.0, 0.0, 0.0, 0.0, 0.0, 0.0, 0.0, 0.0, 0.0, 0.0, 0.0, 0.0, 1.0, 0.0, 0.0, 0.0, 0.0, 0.0, 0.0, 0.0, 0.0, 0.0, 0.0, 0.0, 0.0, 0.0, 1.0, 0.0, 0.0, 0.0, 0.0, 0.0, 0.0, 0.0, 0.0, 0.0, 0.0, 0.0, 0.0, 0.0, 0.0, 0.0, 1.0, 0.0, 0.0, 0.0, 0.0, 0.0, 0.0, 0.0, 0.0, 0.0, 0.0, 0.0, 0.0, 1.0, 1.0, 0.0]","['fire_2', 'fire_4', 'depot_0']","[True, True, False]","[10, 0, 10]","[0, 0, 20, 0, 5]","['fire_1', 'depot_2', 'None']","['fire_1', 'depot_2', 'None']"
79,"[1, 7, 9]",0.0,"[5.0, 2.0, 0.0, 2.0, 4.0, 2.0, 7.0, 6.0, 4.0, 2.0, 0.0, 3.0, 3.0, 4.0, 2.0, 4.0, 6.0, 0.0, 2.0, 4.0, 5.0, 10.0, 0.0, 10.0, 0.0, 0.0, 20.0, 0.0, 5.0, 0.0, 1.0, 0.0, 0.0, 0.0, 0.0, 0.0, 0.0, 0.0, 0.0, 0.0, 0.0, 0.0, 0.0, 0.0, 0.0, 0.0, 1.0, 0.0, 0.0, 0.0, 0.0, 0.0, 0.0, 0.0, 0.0, 0.0, 0.0, 0.0, 1.0, 0.0, 1.0, 0.0, 0.0, 0.0, 0.0, 0.0, 0.0, 0.0, 0.0, 0.0, 0.0, 0.0, 0.0, 0.0, 0.0, 0.0, 1.0, 0.0, 0.0, 0.0, 0.0, 0.0, 0.0, 0.0, 0.0, 1.0, 0.0, 0.0, 0.0, 1.0, 1.0, 1.0]","['fire_2', 'fire_4', 'depot_0']","[True, True, True]","[10, 0, 10]","[0, 0, 20, 0, 5]","['fire_1', 'depot_2', 'starter_1']","['fire_1', 'depot_2', 'depot_1']"
80,"[1, 7, 9]",4.0,"[3.0, 0.0, 2.0, 4.0, 6.0, 3.0, 7.0, 6.0, 4.0, 2.0, 0.0, 3.0, 3.0, 4.0, 2.0, 4.0, 6.0, 0.0, 1.0, 4.0, 5.0, 10.0, 0.0, 10.0, 0.0, 0.0, 20.0, 0.0, 5.0, 0.0, 0.0, 0.0, 0.0, 0.0, 0.0, 0.0, 0.0, 0.0, 0.0, 0.0, 0.0, 0.0, 0.0, 0.0, 0.0, 0.0, 1.0, 0.0, 0.0, 0.0, 0.0, 0.0, 0.0, 0.0, 0.0, 0.0, 0.0, 0.0, 1.0, 0.0, 0.0, 0.0, 0.0, 0.0, 0.0, 0.0, 0.0, 0.0, 0.0, 0.0, 0.0, 0.0, 0.0, 0.0, 0.0, 0.0, 1.0, 0.0, 0.0, 0.0, 0.0, 0.0, 0.0, 0.0, 0.0, 1.0, 0.0, 0.0, 0.0, 0.0, 1.0, 1.0]","['fire_1', 'fire_4', 'depot_0']","[False, True, True]","[10, 0, 10]","[0, 0, 20, 0, 5]","['None', 'depot_2', 'starter_1']","['None', 'depot_2', 'depot_1']"
81,"[4, 7, 9]",-1.0,"[3.0, 0.0, 2.0, 4.0, 6.0, 3.0, 10.0, 7.0, 7.0, 5.0, 3.0, 0.0, 3.0, 4.0, 2.0, 4.0, 6.0, 0.0, 1.0, 7.0, 5.0, 10.0, 10.0, 10.0, 0.0, 0.0, 20.0, 0.0, 5.0, 0.0, 0.0, 0.0, 0.0, 0.0, 0.0, 0.0, 0.0, 0.0, 0.0, 0.0, 0.0, 0.0, 0.0, 0.0, 0.0, 0.0, 0.0, 0.0, 0.0, 0.0, 0.0, 0.0, 0.0, 0.0, 0.0, 0.0, 0.0, 0.0, 1.0, 0.0, 0.0, 0.0, 0.0, 0.0, 0.0, 0.0, 0.0, 0.0, 0.0, 0.0, 0.0, 0.0, 0.0, 0.0, 0.0, 0.0, 0.0, 0.0, 0.0, 0.0, 0.0, 0.0, 0.0, 0.0, 0.0, 1.0, 0.0, 0.0, 0.0, 0.0, 0.0, 1.0]","['fire_1', 'depot_2', 'depot_0']","[False, False, True]","[10, 10, 10]","[0, 0, 20, 0, 5]","['None', 'None', 'starter_1']","['None', 'None', 'depot_1']"
82,"[4, 7, 9]",-1.0,"[3.0, 0.0, 2.0, 4.0, 6.0, 3.0, 10.0, 7.0, 7.0, 5.0, 3.0, 0.0, 6.0, 3.0, 5.0, 3.0, 5.0, 0.0, 1.0, 7.0, 6.0, 10.0, 10.0, 10.0, 0.0, 0.0, 20.0, 0.0, 5.0, 0.0, 0.0, 0.0, 0.0, 1.0, 0.0, 0.0, 0.0, 0.0, 0.0, 0.0, 0.0, 0.0, 0.0, 0.0, 0.0, 0.0, 0.0, 0.0, 0.0, 0.0, 0.0, 0.0, 0.0, 0.0, 0.0, 0.0, 0.0, 0.0, 1.0, 0.0, 0.0, 1.0, 0.0, 0.0, 0.0, 0.0, 0.0, 0.0, 0.0, 0.0, 0.0, 0.0, 0.0, 0.0, 0.0, 0.0, 0.0, 0.0, 0.0, 0.0, 0.0, 0.0, 0.0, 0.0, 0.0, 0.0, 0.0, 0.0, 1.0, 1.0, 0.0, 1.0]","['fire_1', 'depot_2', 'depot_1']","[True, False, True]","[10, 10, 10]","[0, 0, 20, 0, 5]","['fire_4', 'None', 'starter_1']","['fire_2', 'None', 'starter_1']"
83,"[4, 7, 3]",-1.0,"[3.0, 0.0, 2.0, 4.0, 6.0, 3.0, 10.0, 7.0, 7.0, 5.0, 3.0, 0.0, 5.0, 2.0, 4.0, 4.0, 6.0, 1.0, 1.0, 7.0, 9.0, 10.0, 10.0, 10.0, 0.0, 0.0, 20.0, 0.0, 5.0, 0.0, 0.0, 0.0, 0.0, 1.0, 0.0, 0.0, 0.0, 0.0, 0.0, 0.0, 0.0, 0.0, 0.0, 0.0, 0.0, 0.0, 0.0, 0.0, 0.0, 0.0, 0.0, 0.0, 0.0, 0.0, 0.0, 0.0, 0.0, 0.0, 0.0, 0.0, 0.0, 1.0, 0.0, 0.0, 0.0, 0.0, 0.0, 0.0, 0.0, 0.0, 0.0, 0.0, 0.0, 0.0, 0.0, 0.0, 0.0, 0.0, 0.0, 0.0, 0.0, 0.0, 0.0, 0.0, 0.0, 0.0, 0.0, 0.0, 0.0, 1.0, 0.0, 0.0]","['fire_1', 'depot_2', 'starter_1']","[True, False, False]","[10, 10, 10]","[0, 0, 20, 0, 5]","['fire_4', 'None', 'None']","['fire_2', 'None', 'None']"
84,"[4, 4, 3]",-0.5,"[5.0, 2.0, 0.0, 2.0, 4.0, 2.0, 10.0, 7.0, 7.0, 5.0, 3.0, 0.0, 5.0, 2.0, 4.0, 4.0, 6.0, 1.0, 2.0, 7.0, 9.0, 10.0, 10.0, 10.0, 0.0, 0.0, 20.0, 0.0, 5.0, 0.0, 0.0, 0.0, 0.0, 1.0, 0.0, 0.0, 0.0, 0.0, 0.0, 0.0, 0.0, 0.0, 0.0, 0.0, 0.0, 0.0, 0.0, 0.0, 0.0, 0.0, 0.0, 0.0, 1.0, 0.0, 0.0, 0.0, 0.0, 0.0, 0.0, 0.0, 0.0, 0.0, 1.0, 0.0, 0.0, 0.0, 0.0, 0.0, 0.0, 0.0, 0.0, 0.0, 0.0, 0.0, 0.0, 0.0, 0.0, 0.0, 0.0, 0.0, 0.0, 0.0, 0.0, 0.0, 0.0, 1.0, 0.0, 0.0, 0.0, 1.0, 0.0, 1.0]","['fire_2', 'depot_2', 'starter_1']","[True, False, True]","[10, 10, 10]","[0, 0, 20, 0, 5]","['fire_4', 'None', 'fire_3']","['fire_3', 'None', 'depot_1']"
85,"[4, 4, 3]",0.0,"[5.0, 2.0, 0.0, 2.0, 4.0, 2.0, 10.0, 7.0, 7.0, 5.0, 3.0, 0.0, 6.0, 3.0, 5.0, 3.0, 5.0, 0.0, 2.0, 7.0, 6.0, 10.0, 10.0, 10.0, 0.0, 0.0, 20.0, 0.0, 5.0, 0.0, 0.0, 0.0, 0.0, 1.0, 0.0, 0.0, 0.0, 0.0, 0.0, 0.0, 0.0, 0.0, 0.0, 1.0, 0.0, 0.0, 0.0, 0.0, 0.0, 0.0, 0.0, 0.0, 1.0, 0.0, 0.0, 0.0, 0.0, 0.0, 0.0, 0.0, 0.0, 0.0, 1.0, 0.0, 0.0, 0.0, 0.0, 0.0, 0.0, 0.0, 0.0, 0.0, 0.0, 1.0, 0.0, 0.0, 0.0, 0.0, 0.0, 0.0, 0.0, 0.0, 1.0, 0.0, 0.0, 0.0, 0.0, 0.0, 0.0, 1.0, 1.0, 1.0]","['fire_2', 'depot_2', 'depot_1']","[True, True, True]","[10, 10, 10]","[0, 0, 20, 0, 5]","['fire_4', 'fire_4', 'fire_3']","['fire_3', 'fire_4', 'fire_3']"
86,"[4, 4, 3]",0.0,"[5.0, 4.0, 2.0, 0.0, 2.0, 3.0, 10.0, 7.0, 7.0, 5.0, 3.0, 0.0, 6.0, 3.0, 5.0, 3.0, 5.0, 0.0, 3.0, 7.0, 6.0, 10.0, 10.0, 10.0, 0.0, 0.0, 20.0, 0.0, 5.0, 0.0, 0.0, 0.0, 0.0, 1.0, 0.0, 0.0, 0.0, 0.0, 0.0, 0.0, 0.0, 0.0, 0.0, 1.0, 0.0, 0.0, 0.0, 0.0, 0.0, 0.0, 0.0, 0.0, 1.0, 0.0, 0.0, 0.0, 0.0, 0.0, 0.0, 0.0, 0.0, 0.0, 0.0, 1.0, 0.0, 0.0, 0.0, 0.0, 0.0, 0.0, 0.0, 0.0, 0.0, 1.0, 0.0, 0.0, 0.0, 0.0, 0.0, 0.0, 0.0, 0.0, 1.0, 0.0, 0.0, 0.0, 0.0, 0.0, 0.0, 1.0, 1.0, 1.0]","['fire_3', 'depot_2', 'depot_1']","[True, True, True]","[10, 10, 10]","[0, 0, 20, 0, 5]","['fire_4', 'fire_4', 'fire_3']","['fire_4', 'fire_4', 'fire_3']"
87,"[4, 4, 3]",2.5,"[5.0, 4.0, 2.0, 0.0, 2.0, 3.0, 10.0, 7.0, 7.0, 5.0, 3.0, 0.0, 6.0, 3.0, 5.0, 3.0, 5.0, 0.0, 3.0, 7.0, 6.0, 10.0, 10.0, 10.0, 0.0, 0.0, 20.0, 0.0, 5.0, 0.0, 0.0, 0.0, 0.0, 1.0, 0.0, 0.0, 0.0, 0.0, 0.0, 0.0, 0.0, 0.0, 0.0, 1.0, 0.0, 0.0, 0.0, 0.0, 0.0, 0.0, 0.0, 0.0, 1.0, 0.0, 0.0, 0.0, 0.0, 0.0, 0.0, 0.0, 0.0, 0.0, 0.0, 1.0, 0.0, 0.0, 0.0, 0.0, 0.0, 0.0, 0.0, 0.0, 0.0, 1.0, 0.0, 0.0, 0.0, 0.0, 0.0, 0.0, 0.0, 0.0, 1.0, 0.0, 0.0, 0.0, 0.0, 0.0, 0.0, 1.0, 1.0, 1.0]","['fire_3', 'depot_2', 'depot_1']","[True, True, True]","[10, 10, 10]","[0, 0, 20, 0, 5]","['fire_4', 'fire_4', 'fire_3']","['fire_4', 'fire_4', 'fire_3']"
88,"[4, 4, 2]",-2.0,"[7.0, 6.0, 4.0, 2.0, 0.0, 3.0, 7.0, 6.0, 4.0, 2.0, 0.0, 3.0, 5.0, 4.0, 2.0, 0.0, 2.0, 3.0, 4.0, 4.0, 3.0, 5.0, 10.0, 10.0, 0.0, 0.0, 20.0, 0.0, 0.0, 0.0, 0.0, 0.0, 0.0, 0.0, 0.0, 0.0, 0.0, 0.0, 0.0, 0.0, 0.0, 0.0, 0.0, 0.0, 0.0, 0.0, 0.0, 0.0, 0.0, 0.0, 0.0, 0.0, 0.0, 0.0, 0.0, 0.0, 0.0, 0.0, 0.0, 0.0, 0.0, 0.0, 0.0, 0.0, 0.0, 0.0, 0.0, 0.0, 0.0, 0.0, 0.0, 0.0, 0.0, 0.0, 0.0, 0.0, 0.0, 0.0, 0.0, 0.0, 0.0, 0.0, 0.0, 0.0, 0.0, 0.0, 0.0, 0.0, 0.0, 0.0, 0.0, 0.0]","['fire_4', 'fire_4', 'fire_3']","[False, False, False]","[5, 10, 10]","[0, 0, 20, 0, 0]","['None', 'None', 'None']","['None', 'None', 'None']"
89,"[4, 4, 2]",-2.0,"[7.0, 6.0, 4.0, 2.0, 0.0, 3.0, 7.0, 6.0, 4.0, 2.0, 0.0, 3.0, 5.0, 4.0, 2.0, 0.0, 2.0, 3.0, 4.0, 4.0, 3.0, 5.0, 10.0, 10.0, 0.0, 0.0, 20.0, 0.0, 0.0, 0.0, 0.0, 0.0, 0.0, 0.0, 0.0, 0.0, 0.0, 0.0, 0.0, 0.0, 0.0, 0.0, 0.0, 0.0, 0.0, 0.0, 0.0, 0.0, 0.0, 0.0, 0.0, 1.0, 0.0, 0.0, 0.0, 0.0, 0.0, 0.0, 0.0, 0.0, 0.0, 0.0, 0.0, 0.0, 0.0, 0.0, 0.0, 0.0, 0.0, 0.0, 0.0, 0.0, 0.0, 0.0, 0.0, 0.0, 0.0, 0.0, 0.0, 0.0, 0.0, 1.0, 0.0, 0.0, 0.0, 0.0, 0.0, 0.0, 0.0, 0.0, 0.0, 1.0]","['fire_4', 'fire_4', 'fire_3']","[False, False, True]","[5, 10, 10]","[0, 0, 20, 0, 0]","['None', 'None', 'fire_2']","['None', 'None', 'fire_2']"
90,"[4, 4, 2]",3.0,"[7.0, 6.0, 4.0, 2.0, 0.0, 3.0, 7.0, 6.0, 4.0, 2.0, 0.0, 3.0, 5.0, 4.0, 2.0, 0.0, 2.0, 3.0, 4.0, 4.0, 3.0, 5.0, 10.0, 10.0, 0.0, 0.0, 20.0, 0.0, 0.0, 0.0, 0.0, 0.0, 0.0, 0.0, 0.0, 0.0, 0.0, 0.0, 0.0, 0.0, 0.0, 0.0, 0.0, 0.0, 0.0, 0.0, 0.0, 0.0, 0.0, 0.0, 0.0, 1.0, 0.0, 0.0, 0.0, 0.0, 0.0, 0.0, 0.0, 0.0, 0.0, 0.0, 0.0, 0.0, 0.0, 0.0, 0.0, 0.0, 0.0, 0.0, 0.0, 0.0, 0.0, 0.0, 0.0, 0.0, 0.0, 0.0, 0.0, 0.0, 0.0, 1.0, 0.0, 0.0, 0.0, 0.0, 0.0, 0.0, 0.0, 0.0, 0.0, 1.0]","['fire_4', 'fire_4', 'fire_3']","[False, False, True]","[5, 10, 10]","[0, 0, 20, 0, 0]","['None', 'None', 'fire_2']","['None', 'None', 'fire_2']"
91,"[5, 4, 7]",-1.0,"[7.0, 6.0, 4.0, 2.0, 0.0, 3.0, 7.0, 6.0, 4.0, 2.0, 0.0, 3.0, 5.0, 2.0, 0.0, 2.0, 4.0, 2.0, 4.0, 4.0, 2.0, 5.0, 10.0, 0.0, 0.0, 0.0, 10.0, 0.0, 0.0, 0.0, 0.0, 0.0, 0.0, 0.0, 0.0, 0.0, 0.0, 0.0, 0.0, 0.0, 0.0, 0.0, 0.0, 0.0, 0.0, 0.0, 0.0, 0.0, 0.0, 0.0, 0.0, 0.0, 0.0, 0.0, 0.0, 0.0, 0.0, 0.0, 0.0, 0.0, 0.0, 0.0, 0.0, 0.0, 0.0, 0.0, 0.0, 0.0, 0.0, 0.0, 0.0, 0.0, 0.0, 0.0, 0.0, 0.0, 0.0, 0.0, 0.0, 0.0, 0.0, 0.0, 0.0, 0.0, 0.0, 0.0, 0.0, 0.0, 0.0, 0.0, 0.0, 0.0]","['fire_4', 'fire_4', 'fire_2']","[False, False, False]","[5, 10, 0]","[0, 0, 10, 0, 0]","['None', 'None', 'None']","['None', 'None', 'None']"
92,"[5, 4, 7]",-1.0,"[7.0, 6.0, 4.0, 2.0, 0.0, 3.0, 7.0, 6.0, 4.0, 2.0, 0.0, 3.0, 5.0, 2.0, 0.0, 2.0, 4.0, 2.0, 4.0, 4.0, 2.0, 5.0, 10.0, 0.0, 0.0, 0.0, 10.0, 0.0, 0.0, 0.0, 0.0, 0.0, 0.0, 0.0, 1.0, 0.0, 0.0, 0.0, 0.0, 0.0, 0.0, 0.0, 0.0, 0.0, 0.0, 0.0, 0.0, 0.0, 0.0, 0.0, 0.0, 0.0, 0.0, 0.0, 0.0, 0.0, 1.0, 0.0, 0.0, 0.0, 0.0, 0.0, 1.0, 0.0, 0.0, 0.0, 0.0, 0.0, 0.0, 0.0, 0.0, 0.0, 0.0, 0.0, 0.0, 0.0, 0.0, 0.0, 0.0, 0.0, 0.0, 0.0, 1.0, 0.0, 0.0, 0.0, 0.0, 0.0, 0.0, 1.0, 0.0, 1.0]","['fire_4', 'fire_4', 'fire_2']","[True, False, True]","[5, 10, 0]","[0, 0, 10, 0, 0]","['depot_0', 'None', 'depot_2']","['fire_3', 'None', 'fire_3']"
93,"[5, 4, 7]",-1.0,"[7.0, 6.0, 4.0, 2.0, 0.0, 3.0, 7.0, 6.0, 4.0, 2.0, 0.0, 3.0, 5.0, 2.0, 0.0, 2.0, 4.0, 2.0, 4.0, 4.0, 2.0, 5.0, 10.0, 0.0, 0.0, 0.0, 10.0, 0.0, 0.0, 0.0, 0.0, 0.0, 0.0, 0.0, 1.0, 0.0, 0.0, 0.0, 0.0, 0.0, 0.0, 0.0, 0.0, 0.0, 0.0, 0.0, 0.0, 0.0, 0.0, 0.0, 0.0, 0.0, 0.0, 0.0, 0.0, 0.0, 1.0, 0.0, 0.0, 0.0, 0.0, 0.0, 1.0, 0.0, 0.0, 0.0, 0.0, 0.0, 0.0, 0.0, 0.0, 0.0, 0.0, 0.0, 0.0, 0.0, 0.0, 0.0, 0.0, 0.0, 0.0, 0.0, 1.0, 0.0, 0.0, 0.0, 0.0, 0.0, 0.0, 1.0, 0.0, 1.0]","['fire_4', 'fire_4', 'fire_2']","[True, False, True]","[5, 10, 0]","[0, 0, 10, 0, 0]","['depot_0', 'None', 'depot_2']","['fire_3', 'None', 'fire_3']"
94,"[5, 3, 7]",0.0,"[5.0, 4.0, 2.0, 0.0, 2.0, 3.0, 7.0, 6.0, 4.0, 2.0, 0.0, 3.0, 5.0, 4.0, 2.0, 0.0, 2.0, 3.0, 3.0, 4.0, 3.0, 5.0, 10.0, 0.0, 0.0, 0.0, 10.0, 0.0, 0.0, 0.0, 0.0, 0.0, 0.0, 0.0, 1.0, 0.0, 0.0, 0.0, 0.0, 0.0, 0.0, 0.0, 0.0, 0.0, 0.0, 0.0, 0.0, 0.0, 0.0, 0.0, 0.0, 0.0, 0.0, 0.0, 0.0, 0.0, 1.0, 0.0, 0.0, 0.0, 0.0, 1.0, 0.0, 0.0, 0.0, 0.0, 0.0, 0.0, 0.0, 0.0, 0.0, 0.0, 0.0, 0.0, 0.0, 0.0, 0.0, 0.0, 0.0, 0.0, 0.0, 0.0, 0.0, 1.0, 0.0, 0.0, 0.0, 0.0, 0.0, 1.0, 0.0, 1.0]","['fire_3', 'fire_4', 'fire_3']","[True, False, True]","[5, 10, 0]","[0, 0, 10, 0, 0]","['depot_0', 'None', 'depot_2']","['fire_2', 'None', 'fire_4']"
95,"[5, 3, 7]",0.0,"[5.0, 4.0, 2.0, 0.0, 2.0, 3.0, 7.0, 6.0, 4.0, 2.0, 0.0, 3.0, 5.0, 4.0, 2.0, 0.0, 2.0, 3.0, 3.0, 4.0, 3.0, 5.0, 10.0, 0.0, 0.0, 0.0, 10.0, 0.0, 0.0, 0.0, 0.0, 0.0, 0.0, 0.0, 1.0, 0.0, 0.0, 0.0, 0.0, 0.0, 0.0, 0.0, 1.0, 0.0, 0.0, 0.0, 0.0, 0.0, 0.0, 0.0, 0.0, 0.0, 0.0, 0.0, 0.0, 0.0, 1.0, 0.0, 0.0, 0.0, 0.0, 1.0, 0.0, 0.0, 0.0, 0.0, 0.0, 0.0, 0.0, 0.0, 0.0, 0.0, 1.0, 0.0, 0.0, 0.0, 0.0, 0.0, 0.0, 0.0, 0.0, 0.0, 0.0, 1.0, 0.0, 0.0, 0.0, 0.0, 0.0, 1.0, 1.0, 1.0]","['fire_3', 'fire_4', 'fire_3']","[True, True, True]","[5, 10, 0]","[0, 0, 10, 0, 0]","['depot_0', 'fire_3', 'depot_2']","['fire_2', 'fire_3', 'fire_4']"
96,"[5, 3, 7]",0.0,"[5.0, 2.0, 0.0, 2.0, 4.0, 2.0, 7.0, 6.0, 4.0, 2.0, 0.0, 3.0, 7.0, 6.0, 4.0, 2.0, 0.0, 3.0, 2.0, 4.0, 4.0, 5.0, 10.0, 0.0, 0.0, 0.0, 10.0, 0.0, 0.0, 0.0, 0.0, 0.0, 0.0, 0.0, 1.0, 0.0, 0.0, 0.0, 0.0, 0.0, 0.0, 0.0, 1.0, 0.0, 0.0, 0.0, 0.0, 0.0, 0.0, 0.0, 0.0, 0.0, 0.0, 0.0, 0.0, 0.0, 1.0, 0.0, 0.0, 0.0, 0.0, 0.0, 0.0, 0.0, 1.0, 0.0, 0.0, 0.0, 0.0, 0.0, 0.0, 0.0, 1.0, 0.0, 0.0, 0.0, 0.0, 0.0, 0.0, 0.0, 0.0, 0.0, 0.0, 0.0, 0.0, 0.0, 1.0, 0.0, 0.0, 1.0, 1.0, 1.0]","['fire_2', 'fire_4', 'fire_4']","[True, True, True]","[5, 10, 0]","[0, 0, 10, 0, 0]","['depot_0', 'fire_3', 'depot_2']","['depot_0', 'fire_3', 'depot_2']"
97,"[5, 3, 7]",1.5,"[5.0, 2.0, 0.0, 2.0, 4.0, 2.0, 5.0, 4.0, 2.0, 0.0, 2.0, 3.0, 7.0, 6.0, 4.0, 2.0, 0.0, 3.0, 2.0, 3.0, 4.0, 5.0, 10.0, 0.0, 0.0, 0.0, 10.0, 0.0, 0.0, 0.0, 0.0, 0.0, 0.0, 0.0, 1.0, 0.0, 0.0, 0.0, 0.0, 0.0, 0.0, 0.0, 0.0, 0.0, 0.0, 0.0, 0.0, 0.0, 0.0, 0.0, 0.0, 0.0, 0.0, 0.0, 0.0, 0.0, 1.0, 0.0, 0.0, 0.0, 0.0, 0.0, 0.0, 0.0, 1.0, 0.0, 0.0, 0.0, 0.0, 0.0, 0.0, 0.0, 0.0, 0.0, 0.0, 0.0, 0.0, 0.0, 0.0, 0.0, 0.0, 0.0, 0.0, 0.0, 0.0, 0.0, 1.0, 0.0, 0.0, 1.0, 0.0, 1.0]","['fire_2', 'fire_3', 'fire_4']","[True, False, True]","[5, 10, 0]","[0, 0, 10, 0, 0]","['depot_0', 'None', 'depot_2']","['depot_0', 'None', 'depot_2']"
98,"[1, 3, 7]",4.0,"[3.0, 4.0, 2.0, 4.0, 6.0, 0.0, 5.0, 4.0, 2.0, 0.0, 2.0, 3.0, 7.0, 6.0, 4.0, 2.0, 0.0, 3.0, 5.0, 3.0, 4.0, 10.0, 10.0, 0.0, 0.0, 0.0, 10.0, 0.0, 0.0, 0.0, 0.0, 0.0, 0.0, 0.0, 0.0, 0.0, 0.0, 0.0, 0.0, 0.0, 0.0, 0.0, 0.0, 0.0, 0.0, 0.0, 0.0, 0.0, 0.0, 0.0, 0.0, 0.0, 0.0, 0.0, 0.0, 0.0, 1.0, 0.0, 0.0, 0.0, 0.0, 0.0, 0.0, 0.0, 0.0, 0.0, 0.0, 0.0, 0.0, 0.0, 0.0, 0.0, 0.0, 0.0, 0.0, 0.0, 0.0, 0.0, 0.0, 0.0, 0.0, 0.0, 0.0, 0.0, 0.0, 0.0, 1.0, 0.0, 0.0, 0.0, 0.0, 1.0]","['depot_0', 'fire_3', 'fire_4']","[False, False, True]","[10, 10, 0]","[0, 0, 10, 0, 0]","['None', 'None', 'depot_2']","['None', 'None', 'depot_2']"
99,"[1, 8, 8]",0.0,"[3.0, 4.0, 2.0, 4.0, 6.0, 0.0, 5.0, 4.0, 2.0, 0.0, 2.0, 3.0, 10.0, 7.0, 7.0, 5.0, 3.0, 0.0, 5.0, 3.0, 7.0, 10.0, 10.0, 10.0, 0.0, 0.0, 10.0, 0.0, 0.0, 0.0, 1.0, 0.0, 0.0, 0.0, 0.0, 0.0, 0.0, 0.0, 0.0, 0.0, 0.0, 0.0, 0.0, 0.0, 0.0, 0.0, 0.0, 0.0, 0.0, 0.0, 0.0, 0.0, 0.0, 0.0, 0.0, 0.0, 0.0, 0.0, 0.0, 0.0, 0.0, 1.0, 0.0, 0.0, 0.0, 0.0, 0.0, 0.0, 0.0, 0.0, 0.0, 0.0, 0.0, 0.0, 0.0, 0.0, 0.0, 0.0, 0.0, 0.0, 0.0, 0.0, 0.0, 0.0, 0.0, 0.0, 0.0, 0.0, 0.0, 1.0, 0.0, 0.0]","['depot_0', 'fire_3', 'depot_2']","[True, False, False]","[10, 10, 10]","[0, 0, 10, 0, 0]","['fire_1', 'None', 'None']","['fire_2', 'None', 'None']"
100,"[1, 8, 8]",-0.5,"[3.0, 4.0, 2.0, 4.0, 6.0, 0.0, 5.0, 4.0, 2.0, 0.0, 2.0, 3.0, 10.0, 7.0, 7.0, 5.0, 3.0, 0.0, 5.0, 3.0, 7.0, 10.0, 10.0, 10.0, 0.0, 0.0, 10.0, 0.0, 0.0, 0.0, 1.0, 0.0, 0.0, 0.0, 0.0, 0.0, 0.0, 0.0, 0.0, 0.0, 0.0, 0.0, 0.0, 0.0, 0.0, 0.0, 0.0, 1.0, 0.0, 0.0, 0.0, 0.0, 0.0, 0.0, 0.0, 0.0, 0.0, 1.0, 0.0, 0.0, 0.0, 1.0, 0.0, 0.0, 0.0, 0.0, 0.0, 0.0, 0.0, 0.0, 0.0, 1.0, 0.0, 0.0, 0.0, 0.0, 0.0, 0.0, 0.0, 0.0, 0.0, 0.0, 0.0, 0.0, 0.0, 1.0, 0.0, 0.0, 0.0, 1.0, 1.0, 1.0]","['depot_0', 'fire_3', 'depot_2']","[True, True, True]","[10, 10, 10]","[0, 0, 10, 0, 0]","['fire_1', 'starter_0', 'starter_0']","['fire_2', 'fire_2', 'depot_1']"
101,"[1, 8, 8]",0.0,"[5.0, 2.0, 0.0, 2.0, 4.0, 2.0, 5.0, 4.0, 2.0, 0.0, 2.0, 3.0, 10.0, 7.0, 7.0, 5.0, 3.0, 0.0, 2.0, 3.0, 7.0, 10.0, 10.0, 10.0, 0.0, 0.0, 10.0, 0.0, 0.0, 0.0, 1.0, 0.0, 0.0, 0.0, 0.0, 0.0, 0.0, 0.0, 0.0, 0.0, 0.0, 0.0, 0.0, 0.0, 0.0, 0.0, 0.0, 1.0, 0.0, 0.0, 0.0, 0.0, 0.0, 0.0, 0.0, 0.0, 0.0, 1.0, 0.0, 0.0, 1.0, 0.0, 0.0, 0.0, 0.0, 0.0, 0.0, 0.0, 0.0, 0.0, 0.0, 1.0, 0.0, 0.0, 0.0, 0.0, 0.0, 0.0, 0.0, 0.0, 0.0, 0.0, 0.0, 0.0, 0.0, 1.0, 0.0, 0.0, 0.0, 1.0, 1.0, 1.0]","['fire_2', 'fire_3', 'depot_2']","[True, True, True]","[10, 10, 10]","[0, 0, 10, 0, 0]","['fire_1', 'starter_0', 'starter_0']","['fire_1', 'fire_2', 'depot_1']"
102,"[1, 8, 8]",0.0,"[5.0, 2.0, 0.0, 2.0, 4.0, 2.0, 5.0, 2.0, 0.0, 2.0, 4.0, 2.0, 10.0, 7.0, 7.0, 5.0, 3.0, 0.0, 2.0, 2.0, 7.0, 10.0, 10.0, 10.0, 0.0, 0.0, 10.0, 0.0, 0.0, 0.0, 1.0, 0.0, 0.0, 0.0, 0.0, 0.0, 0.0, 0.0, 0.0, 0.0, 0.0, 0.0, 0.0, 0.0, 0.0, 0.0, 0.0, 1.0, 0.0, 0.0, 0.0, 0.0, 0.0, 0.0, 0.0, 0.0, 0.0, 1.0, 0.0, 0.0, 1.0, 0.0, 0.0, 0.0, 0.0, 0.0, 0.0, 0.0, 0.0, 0.0, 0.0, 0.0, 0.0, 0.0, 1.0, 0.0, 0.0, 0.0, 0.0, 0.0, 0.0, 0.0, 0.0, 0.0, 0.0, 1.0, 0.0, 0.0, 0.0, 1.0, 1.0, 1.0]","['fire_2', 'fire_2', 'depot_2']","[True, True, True]","[10, 10, 10]","[0, 0, 10, 0, 0]","['fire_1', 'starter_0', 'starter_0']","['fire_1', 'depot_0', 'depot_1']"
103,"[9, 8, 8]",0.0,"[3.0, 0.0, 2.0, 4.0, 6.0, 3.0, 5.0, 2.0, 0.0, 2.0, 4.0, 2.0, 10.0, 7.0, 7.0, 5.0, 3.0, 0.0, 1.0, 2.0, 7.0, 10.0, 10.0, 10.0, 0.0, 0.0, 10.0, 0.0, 0.0, 0.0, 0.0, 0.0, 0.0, 0.0, 0.0, 0.0, 0.0, 0.0, 0.0, 0.0, 0.0, 0.0, 0.0, 0.0, 0.0, 0.0, 0.0, 1.0, 0.0, 0.0, 0.0, 0.0, 0.0, 0.0, 0.0, 0.0, 0.0, 1.0, 0.0, 0.0, 0.0, 0.0, 0.0, 0.0, 0.0, 0.0, 0.0, 0.0, 0.0, 0.0, 0.0, 0.0, 0.0, 0.0, 1.0, 0.0, 0.0, 0.0, 0.0, 0.0, 0.0, 0.0, 0.0, 0.0, 0.0, 1.0, 0.0, 0.0, 0.0, 0.0, 1.0, 1.0]","['fire_1', 'fire_2', 'depot_2']","[False, True, True]","[10, 10, 10]","[0, 0, 10, 0, 0]","['None', 'starter_0', 'starter_0']","['None', 'depot_0', 'depot_1']"
104,"[9, 8, 8]",0.0,"[3.0, 0.0, 2.0, 4.0, 6.0, 3.0, 3.0, 4.0, 2.0, 4.0, 6.0, 0.0, 6.0, 3.0, 5.0, 3.0, 5.0, 0.0, 1.0, 5.0, 6.0, 10.0, 10.0, 10.0, 0.0, 0.0, 10.0, 0.0, 0.0, 0.0, 0.0, 0.0, 0.0, 0.0, 0.0, 0.0, 0.0, 0.0, 1.0, 0.0, 0.0, 0.0, 0.0, 0.0, 0.0, 0.0, 0.0, 1.0, 0.0, 0.0, 0.0, 0.0, 0.0, 0.0, 0.0, 0.0, 0.0, 1.0, 0.0, 0.0, 0.0, 0.0, 0.0, 0.0, 0.0, 0.0, 0.0, 0.0, 1.0, 0.0, 0.0, 0.0, 0.0, 0.0, 0.0, 0.0, 0.0, 1.0, 0.0, 0.0, 0.0, 0.0, 0.0, 0.0, 1.0, 0.0, 0.0, 0.0, 0.0, 1.0, 1.0, 1.0]","['fire_1', 'depot_0', 'depot_1']","[True, True, True]","[10, 10, 10]","[0, 0, 10, 0, 0]","['starter_1', 'starter_0', 'starter_0']","['starter_1', 'starter_0', 'depot_0']"
105,"[9, 4, 8]",0.0,"[3.0, 0.0, 2.0, 4.0, 6.0, 3.0, 2.0, 5.0, 3.0, 5.0, 7.0, 1.0, 6.0, 3.0, 5.0, 3.0, 5.0, 0.0, 1.0, 8.0, 6.0, 10.0, 10.0, 10.0, 0.0, 0.0, 10.0, 0.0, 0.0, 0.0, 0.0, 0.0, 0.0, 0.0, 0.0, 0.0, 0.0, 0.0, 1.0, 0.0, 0.0, 0.0, 0.0, 0.0, 0.0, 0.0, 0.0, 0.0, 0.0, 0.0, 0.0, 0.0, 0.0, 0.0, 0.0, 0.0, 0.0, 1.0, 0.0, 0.0, 0.0, 0.0, 0.0, 0.0, 0.0, 0.0, 0.0, 0.0, 1.0, 0.0, 0.0, 0.0, 0.0, 0.0, 0.0, 0.0, 0.0, 0.0, 0.0, 0.0, 0.0, 0.0, 0.0, 0.0, 1.0, 0.0, 0.0, 0.0, 0.0, 1.0, 0.0, 1.0]","['fire_1', 'starter_0', 'depot_1']","[True, False, True]","[10, 10, 10]","[0, 0, 10, 0, 0]","['starter_1', 'None', 'starter_0']","['starter_1', 'None', 'depot_0']"
106,"[9, 4, 8]",-1.0,"[5.0, 2.0, 4.0, 4.0, 6.0, 1.0, 2.0, 5.0, 3.0, 5.0, 7.0, 1.0, 6.0, 3.0, 5.0, 3.0, 5.0, 0.0, 9.0, 8.0, 6.0, 10.0, 10.0, 10.0, 0.0, 0.0, 10.0, 0.0, 0.0, 0.0, 0.0, 0.0, 0.0, 0.0, 0.0, 0.0, 0.0, 0.0, 0.0, 0.0, 0.0, 0.0, 0.0, 1.0, 0.0, 0.0, 0.0, 0.0, 0.0, 0.0, 0.0, 0.0, 0.0, 0.0, 0.0, 0.0, 0.0, 1.0, 0.0, 0.0, 0.0, 0.0, 0.0, 0.0, 0.0, 0.0, 0.0, 0.0, 0.0, 0.0, 0.0, 0.0, 0.0, 0.0, 1.0, 0.0, 0.0, 0.0, 0.0, 0.0, 0.0, 0.0, 0.0, 0.0, 1.0, 0.0, 0.0, 0.0, 0.0, 0.0, 1.0, 1.0]","['starter_1', 'starter_0', 'depot_1']","[False, True, True]","[10, 10, 10]","[0, 0, 10, 0, 0]","['None', 'fire_4', 'starter_0']","['None', 'depot_0', 'depot_0']"
107,"[8, 4, 8]",0.0,"[5.0, 2.0, 4.0, 4.0, 6.0, 1.0, 3.0, 4.0, 2.0, 4.0, 6.0, 0.0, 3.0, 4.0, 2.0, 4.0, 6.0, 0.0, 9.0, 5.0, 5.0, 10.0, 10.0, 10.0, 0.0, 0.0, 10.0, 0.0, 0.0, 0.0, 0.0, 0.0, 0.0, 0.0, 0.0, 0.0, 0.0, 0.0, 0.0, 0.0, 0.0, 0.0, 0.0, 1.0, 0.0, 0.0, 0.0, 0.0, 0.0, 0.0, 0.0, 0.0, 0.0, 0.0, 0.0, 0.0, 0.0, 1.0, 0.0, 0.0, 0.0, 0.0, 0.0, 0.0, 0.0, 0.0, 0.0, 0.0, 0.0, 0.0, 0.0, 1.0, 0.0, 0.0, 0.0, 0.0, 0.0, 0.0, 0.0, 0.0, 0.0, 0.0, 0.0, 0.0, 0.0, 0.0, 0.0, 1.0, 0.0, 0.0, 1.0, 1.0]","['starter_1', 'depot_0', 'depot_0']","[False, True, True]","[10, 10, 10]","[0, 0, 10, 0, 0]","['None', 'fire_4', 'starter_0']","['None', 'fire_2', 'starter_0']"
108,"[8, 4, 8]",-1.0,"[5.0, 2.0, 4.0, 4.0, 6.0, 1.0, 3.0, 4.0, 2.0, 4.0, 6.0, 0.0, 2.0, 5.0, 3.0, 5.0, 7.0, 1.0, 9.0, 5.0, 8.0, 10.0, 10.0, 10.0, 0.0, 0.0, 10.0, 0.0, 0.0, 0.0, 0.0, 0.0, 0.0, 0.0, 0.0, 0.0, 0.0, 1.0, 0.0, 0.0, 0.0, 0.0, 0.0, 1.0, 0.0, 0.0, 0.0, 0.0, 0.0, 0.0, 0.0, 0.0, 0.0, 0.0, 0.0, 0.0, 0.0, 0.0, 0.0, 0.0, 0.0, 0.0, 0.0, 0.0, 0.0, 1.0, 0.0, 0.0, 0.0, 0.0, 0.0, 1.0, 0.0, 0.0, 0.0, 0.0, 0.0, 0.0, 0.0, 0.0, 0.0, 0.0, 0.0, 0.0, 0.0, 0.0, 0.0, 0.0, 0.0, 1.0, 1.0, 0.0]","['starter_1', 'depot_0', 'starter_0']","[True, True, False]","[10, 10, 10]","[0, 0, 10, 0, 0]","['starter_0', 'fire_4', 'None']","['depot_1', 'fire_2', 'None']"
109,"[8, 4, 4]",0.0,"[6.0, 3.0, 5.0, 3.0, 5.0, 0.0, 5.0, 2.0, 0.0, 2.0, 4.0, 2.0, 2.0, 5.0, 3.0, 5.0, 7.0, 1.0, 6.0, 2.0, 8.0, 10.0, 10.0, 10.0, 0.0, 0.0, 10.0, 0.0, 0.0, 0.0, 0.0, 0.0, 0.0, 0.0, 0.0, 0.0, 0.0, 1.0, 0.0, 0.0, 0.0, 0.0, 0.0, 1.0, 0.0, 0.0, 0.0, 0.0, 0.0, 0.0, 0.0, 0.0, 0.0, 0.0, 0.0, 0.0, 0.0, 0.0, 0.0, 0.0, 0.0, 0.0, 0.0, 0.0, 1.0, 0.0, 0.0, 0.0, 0.0, 0.0, 0.0, 0.0, 1.0, 0.0, 0.0, 0.0, 0.0, 0.0, 0.0, 0.0, 0.0, 0.0, 0.0, 0.0, 0.0, 0.0, 0.0, 0.0, 0.0, 1.0, 1.0, 0.0]","['depot_1', 'fire_2', 'starter_0']","[True, True, False]","[10, 10, 10]","[0, 0, 10, 0, 0]","['starter_0', 'fire_4', 'None']","['depot_0', 'fire_3', 'None']"
110,"[8, 4, 4]",-1.0,"[6.0, 3.0, 5.0, 3.0, 5.0, 0.0, 5.0, 2.0, 0.0, 2.0, 4.0, 2.0, 2.0, 5.0, 3.0, 5.0, 7.0, 1.0, 6.0, 2.0, 8.0, 10.0, 10.0, 10.0, 0.0, 0.0, 10.0, 0.0, 0.0, 0.0, 0.0, 0.0, 0.0, 0.0, 0.0, 0.0, 0.0, 1.0, 0.0, 0.0, 0.0, 0.0, 0.0, 1.0, 0.0, 0.0, 0.0, 0.0, 0.0, 0.0, 0.0, 0.0, 0.0, 1.0, 0.0, 0.0, 0.0, 0.0, 0.0, 0.0, 0.0, 0.0, 0.0, 0.0, 1.0, 0.0, 0.0, 0.0, 0.0, 0.0, 0.0, 0.0, 1.0, 0.0, 0.0, 0.0, 0.0, 0.0, 0.0, 0.0, 0.0, 0.0, 0.0, 0.0, 1.0, 0.0, 0.0, 0.0, 0.0, 1.0, 1.0, 1.0]","['depot_1', 'fire_2', 'starter_0']","[True, True, True]","[10, 10, 10]","[0, 0, 10, 0, 0]","['starter_0', 'fire_4', 'fire_4']","['depot_0', 'fire_3', 'depot_0']"
111,"[8, 4, 4]",0.0,"[6.0, 3.0, 5.0, 3.0, 5.0, 0.0, 5.0, 4.0, 2.0, 0.0, 2.0, 3.0, 3.0, 4.0, 2.0, 4.0, 6.0, 0.0, 6.0, 3.0, 5.0, 10.0, 10.0, 10.0, 0.0, 0.0, 10.0, 0.0, 0.0, 0.0, 0.0, 0.0, 0.0, 0.0, 0.0, 0.0, 0.0, 1.0, 0.0, 0.0, 0.0, 0.0, 0.0, 1.0, 0.0, 0.0, 0.0, 0.0, 0.0, 0.0, 0.0, 0.0, 0.0, 1.0, 0.0, 0.0, 0.0, 0.0, 0.0, 0.0, 0.0, 0.0, 0.0, 0.0, 1.0, 0.0, 0.0, 0.0, 0.0, 0.0, 0.0, 0.0, 0.0, 1.0, 0.0, 0.0, 0.0, 0.0, 0.0, 0.0, 0.0, 1.0, 0.0, 0.0, 0.0, 0.0, 0.0, 0.0, 0.0, 1.0, 1.0, 1.0]","['depot_1', 'fire_3', 'depot_0']","[True, True, True]","[10, 10, 10]","[0, 0, 10, 0, 0]","['starter_0', 'fire_4', 'fire_4']","['depot_0', 'fire_4', 'fire_2']"
112,"[8, 4, 4]",-0.5,"[3.0, 4.0, 2.0, 4.0, 6.0, 0.0, 5.0, 4.0, 2.0, 0.0, 2.0, 3.0, 3.0, 4.0, 2.0, 4.0, 6.0, 0.0, 5.0, 3.0, 5.0, 10.0, 10.0, 10.0, 0.0, 0.0, 10.0, 0.0, 0.0, 0.0, 0.0, 0.0, 0.0, 0.0, 0.0, 0.0, 0.0, 1.0, 0.0, 0.0, 0.0, 0.0, 0.0, 1.0, 0.0, 0.0, 0.0, 0.0, 0.0, 0.0, 0.0, 0.0, 0.0, 1.0, 0.0, 0.0, 0.0, 0.0, 0.0, 0.0, 0.0, 0.0, 0.0, 0.0, 0.0, 0.0, 0.0, 1.0, 0.0, 0.0, 0.0, 0.0, 0.0, 1.0, 0.0, 0.0, 0.0, 0.0, 0.0, 0.0, 0.0, 1.0, 0.0, 0.0, 0.0, 0.0, 0.0, 0.0, 0.0, 1.0, 1.0, 1.0]","['depot_0', 'fire_3', 'depot_0']","[True, True, True]","[10, 10, 10]","[0, 0, 10, 0, 0]","['starter_0', 'fire_4', 'fire_4']","['starter_0', 'fire_4', 'fire_2']"
113,"[4, 9, 4]",0.0,"[2.0, 5.0, 3.0, 5.0, 7.0, 1.0, 7.0, 6.0, 4.0, 2.0, 0.0, 3.0, 5.0, 2.0, 0.0, 2.0, 4.0, 2.0, 8.0, 4.0, 2.0, 10.0, 10.0, 10.0, 0.0, 0.0, 10.0, 0.0, 0.0, 0.0, 0.0, 0.0, 0.0, 0.0, 0.0, 0.0, 0.0, 0.0, 0.0, 0.0, 0.0, 0.0, 0.0, 0.0, 0.0, 0.0, 0.0, 0.0, 0.0, 0.0, 0.0, 0.0, 0.0, 1.0, 0.0, 0.0, 0.0, 0.0, 0.0, 0.0, 0.0, 0.0, 0.0, 0.0, 0.0, 0.0, 0.0, 0.0, 0.0, 0.0, 0.0, 0.0, 0.0, 0.0, 0.0, 0.0, 0.0, 0.0, 0.0, 0.0, 0.0, 0.0, 1.0, 0.0, 0.0, 0.0, 0.0, 0.0, 0.0, 0.0, 0.0, 1.0]","['starter_0', 'fire_4', 'fire_2']","[False, False, True]","[10, 10, 10]","[0, 0, 10, 0, 0]","['None', 'None', 'fire_4']","['None', 'None', 'fire_3']"
114,"[4, 9, 4]",-1.0,"[2.0, 5.0, 3.0, 5.0, 7.0, 1.0, 7.0, 6.0, 4.0, 2.0, 0.0, 3.0, 5.0, 2.0, 0.0, 2.0, 4.0, 2.0, 8.0, 4.0, 2.0, 10.0, 10.0, 10.0, 0.0, 0.0, 10.0, 0.0, 0.0, 0.0, 0.0, 0.0, 0.0, 1.0, 0.0, 0.0, 0.0, 0.0, 0.0, 0.0, 0.0, 0.0, 0.0, 0.0, 0.0, 0.0, 0.0, 0.0, 1.0, 0.0, 0.0, 0.0, 0.0, 1.0, 0.0, 0.0, 0.0, 0.0, 0.0, 0.0, 0.0, 0.0, 0.0, 0.0, 1.0, 0.0, 0.0, 0.0, 0.0, 0.0, 0.0, 0.0, 1.0, 0.0, 0.0, 0.0, 0.0, 0.0, 0.0, 0.0, 0.0, 0.0, 1.0, 0.0, 0.0, 0.0, 0.0, 0.0, 0.0, 1.0, 1.0, 1.0]","['starter_0', 'fire_4', 'fire_2']","[True, True, True]","[10, 10, 10]","[0, 0, 10, 0, 0]","['fire_4', 'starter_1', 'fire_4']","['depot_0', 'fire_3', 'fire_3']"
115,"[4, 9, 4]",0.0,"[3.0, 4.0, 2.0, 4.0, 6.0, 0.0, 7.0, 6.0, 4.0, 2.0, 0.0, 3.0, 5.0, 4.0, 2.0, 0.0, 2.0, 3.0, 5.0, 4.0, 3.0, 10.0, 10.0, 10.0, 0.0, 0.0, 10.0, 0.0, 0.0, 0.0, 0.0, 0.0, 0.0, 1.0, 0.0, 0.0, 0.0, 0.0, 0.0, 0.0, 0.0, 0.0, 0.0, 0.0, 0.0, 0.0, 0.0, 0.0, 1.0, 0.0, 0.0, 0.0, 0.0, 1.0, 0.0, 0.0, 0.0, 0.0, 0.0, 0.0, 0.0, 1.0, 0.0, 0.0, 0.0, 0.0, 0.0, 0.0, 0.0, 0.0, 0.0, 0.0, 1.0, 0.0, 0.0, 0.0, 0.0, 0.0, 0.0, 0.0, 0.0, 0.0, 0.0, 1.0, 0.0, 0.0, 0.0, 0.0, 0.0, 1.0, 1.0, 1.0]","['depot_0', 'fire_4', 'fire_3']","[True, True, True]","[10, 10, 10]","[0, 0, 10, 0, 0]","['fire_4', 'starter_1', 'fire_4']","['fire_2', 'fire_3', 'fire_4']"
116,"[4, 9, 4]",-0.5,"[3.0, 4.0, 2.0, 4.0, 6.0, 0.0, 5.0, 4.0, 2.0, 0.0, 2.0, 3.0, 5.0, 4.0, 2.0, 0.0, 2.0, 3.0, 5.0, 3.0, 3.0, 10.0, 10.0, 10.0, 0.0, 0.0, 10.0, 0.0, 0.0, 0.0, 0.0, 0.0, 0.0, 1.0, 0.0, 0.0, 0.0, 0.0, 0.0, 0.0, 0.0, 0.0, 0.0, 0.0, 0.0, 0.0, 0.0, 0.0, 1.0, 0.0, 0.0, 0.0, 0.0, 1.0, 0.0, 0.0, 0.0, 0.0, 0.0, 0.0, 0.0, 1.0, 0.0, 0.0, 0.0, 0.0, 0.0, 0.0, 0.0, 0.0, 0.0, 0.0, 0.0, 0.0, 0.0, 1.0, 0.0, 0.0, 0.0, 0.0, 0.0, 0.0, 0.0, 1.0, 0.0, 0.0, 0.0, 0.0, 0.0, 1.0, 1.0, 1.0]","['depot_0', 'fire_3', 'fire_3']","[True, True, True]","[10, 10, 10]","[0, 0, 10, 0, 0]","['fire_4', 'starter_1', 'fire_4']","['fire_2', 'depot_1', 'fire_4']"
117,"[4, 9, 4]",-1.0,"[5.0, 2.0, 0.0, 2.0, 4.0, 2.0, 5.0, 4.0, 2.0, 0.0, 2.0, 3.0, 7.0, 6.0, 4.0, 2.0, 0.0, 3.0, 2.0, 3.0, 4.0, 10.0, 10.0, 10.0, 0.0, 0.0, 10.0, 0.0, 0.0, 0.0, 0.0, 0.0, 0.0, 1.0, 0.0, 0.0, 0.0, 0.0, 0.0, 0.0, 0.0, 0.0, 0.0, 0.0, 0.0, 0.0, 0.0, 0.0, 1.0, 0.0, 0.0, 0.0, 0.0, 0.0, 0.0, 0.0, 0.0, 0.0, 0.0, 0.0, 0.0, 0.0, 1.0, 0.0, 0.0, 0.0, 0.0, 0.0, 0.0, 0.0, 0.0, 0.0, 0.0, 0.0, 0.0, 1.0, 0.0, 0.0, 0.0, 0.0, 0.0, 0.0, 0.0, 0.0, 0.0, 0.0, 0.0, 0.0, 0.0, 1.0, 1.0, 0.0]","['fire_2', 'fire_3', 'fire_4']","[True, True, False]","[10, 10, 10]","[0, 0, 10, 0, 0]","['fire_4', 'starter_1', 'None']","['fire_3', 'depot_1', 'None']"
118,"[4, 9, 4]",-1.5,"[5.0, 2.0, 0.0, 2.0, 4.0, 2.0, 5.0, 4.0, 2.0, 0.0, 2.0, 3.0, 7.0, 6.0, 4.0, 2.0, 0.0, 3.0, 2.0, 3.0, 4.0, 10.0, 10.0, 10.0, 0.0, 0.0, 10.0, 0.0, 0.0, 0.0, 0.0, 0.0, 0.0, 1.0, 0.0, 0.0, 0.0, 0.0, 0.0, 0.0, 0.0, 0.0, 0.0, 0.0, 0.0, 0.0, 0.0, 0.0, 1.0, 0.0, 0.0, 0.0, 0.0, 0.0, 0.0, 0.0, 0.0, 0.0, 0.0, 0.0, 0.0, 0.0, 1.0, 0.0, 0.0, 0.0, 0.0, 0.0, 0.0, 0.0, 0.0, 0.0, 0.0, 0.0, 0.0, 1.0, 0.0, 0.0, 0.0, 0.0, 0.0, 0.0, 0.0, 0.0, 0.0, 0.0, 0.0, 0.0, 0.0, 1.0, 1.0, 0.0]","['fire_2', 'fire_3', 'fire_4']","[True, True, False]","[10, 10, 10]","[0, 0, 10, 0, 0]","['fire_4', 'starter_1', 'None']","['fire_3', 'depot_1', 'None']"
119,"[4, 9, 8]",0.0,"[5.0, 4.0, 2.0, 0.0, 2.0, 3.0, 6.0, 3.0, 5.0, 3.0, 5.0, 0.0, 7.0, 6.0, 4.0, 2.0, 0.0, 3.0, 3.0, 6.0, 4.0, 10.0, 10.0, 10.0, 0.0, 0.0, 10.0, 0.0, 0.0, 0.0, 0.0, 0.0, 0.0, 1.0, 0.0, 0.0, 0.0, 0.0, 0.0, 0.0, 0.0, 0.0, 0.0, 0.0, 0.0, 0.0, 0.0, 0.0, 1.0, 0.0, 0.0, 0.0, 0.0, 0.0, 0.0, 0.0, 0.0, 0.0, 0.0, 0.0, 0.0, 0.0, 0.0, 1.0, 0.0, 0.0, 0.0, 0.0, 0.0, 0.0, 0.0, 0.0, 0.0, 0.0, 0.0, 0.0, 0.0, 0.0, 1.0, 0.0, 0.0, 0.0, 0.0, 0.0, 0.0, 0.0, 0.0, 0.0, 0.0, 1.0, 1.0, 0.0]","['fire_3', 'depot_1', 'fire_4']","[True, True, False]","[10, 10, 10]","[0, 0, 10, 0, 0]","['fire_4', 'starter_1', 'None']","['fire_4', 'starter_1', 'None']"
120,"[4, 7, 8]",0.0,"[5.0, 4.0, 2.0, 0.0, 2.0, 3.0, 5.0, 2.0, 4.0, 4.0, 6.0, 1.0, 7.0, 6.0, 4.0, 2.0, 0.0, 3.0, 3.0, 9.0, 4.0, 10.0, 10.0, 10.0, 0.0, 0.0, 10.0, 0.0, 0.0, 0.0, 0.0, 0.0, 0.0, 1.0, 0.0, 0.0, 0.0, 0.0, 0.0, 0.0, 0.0, 0.0, 0.0, 0.0, 0.0, 0.0, 0.0, 0.0, 0.0, 0.0, 0.0, 0.0, 0.0, 0.0, 0.0, 0.0, 0.0, 1.0, 0.0, 0.0, 0.0, 0.0, 0.0, 1.0, 0.0, 0.0, 0.0, 0.0, 0.0, 0.0, 0.0, 0.0, 0.0, 0.0, 0.0, 0.0, 0.0, 0.0, 0.0, 0.0, 0.0, 0.0, 1.0, 0.0, 0.0, 0.0, 0.0, 0.0, 0.0, 1.0, 0.0, 1.0]","['fire_3', 'starter_1', 'fire_4']","[True, False, True]","[10, 10, 10]","[0, 0, 10, 0, 0]","['fire_4', 'None', 'starter_0']","['fire_4', 'None', 'fire_3']"
121,"[0, 7, 8]",0.0,"[7.0, 6.0, 4.0, 2.0, 0.0, 3.0, 5.0, 2.0, 4.0, 4.0, 6.0, 1.0, 7.0, 6.0, 4.0, 2.0, 0.0, 3.0, 4.0, 9.0, 4.0, 10.0, 10.0, 10.0, 0.0, 0.0, 10.0, 0.0, 0.0, 0.0, 0.0, 0.0, 0.0, 0.0, 0.0, 0.0, 0.0, 0.0, 0.0, 0.0, 0.0, 0.0, 0.0, 0.0, 0.0, 0.0, 1.0, 0.0, 0.0, 0.0, 0.0, 0.0, 0.0, 0.0, 0.0, 0.0, 0.0, 1.0, 0.0, 0.0, 0.0, 0.0, 0.0, 0.0, 0.0, 0.0, 0.0, 0.0, 0.0, 0.0, 0.0, 0.0, 0.0, 0.0, 0.0, 1.0, 0.0, 0.0, 0.0, 0.0, 0.0, 0.0, 1.0, 0.0, 0.0, 0.0, 0.0, 0.0, 0.0, 0.0, 1.0, 1.0]","['fire_4', 'starter_1', 'fire_4']","[False, True, True]","[10, 10, 10]","[0, 0, 10, 0, 0]","['None', 'depot_2', 'starter_0']","['None', 'depot_1', 'fire_3']"
122,"[0, 7, 8]",0.0,"[7.0, 6.0, 4.0, 2.0, 0.0, 3.0, 6.0, 3.0, 5.0, 3.0, 5.0, 0.0, 5.0, 4.0, 2.0, 0.0, 2.0, 3.0, 4.0, 6.0, 3.0, 10.0, 10.0, 10.0, 0.0, 0.0, 10.0, 0.0, 0.0, 1.0, 0.0, 0.0, 0.0, 0.0, 0.0, 0.0, 0.0, 0.0, 0.0, 0.0, 0.0, 0.0, 0.0, 0.0, 0.0, 0.0, 1.0, 0.0, 0.0, 0.0, 0.0, 0.0, 0.0, 0.0, 0.0, 0.0, 0.0, 1.0, 0.0, 0.0, 0.0, 0.0, 1.0, 0.0, 0.0, 0.0, 0.0, 0.0, 0.0, 0.0, 0.0, 0.0, 0.0, 0.0, 0.0, 0.0, 1.0, 0.0, 0.0, 0.0, 0.0, 1.0, 0.0, 0.0, 0.0, 0.0, 0.0, 0.0, 0.0, 1.0, 1.0, 1.0]","['fire_4', 'depot_1', 'fire_3']","[True, True, True]","[10, 10, 10]","[0, 0, 10, 0, 0]","['fire_0', 'depot_2', 'starter_0']","['fire_3', 'depot_2', 'fire_2']"
123,"[0, 7, 8]",-0.5,"[7.0, 6.0, 4.0, 2.0, 0.0, 3.0, 6.0, 3.0, 5.0, 3.0, 5.0, 0.0, 5.0, 4.0, 2.0, 0.0, 2.0, 3.0, 4.0, 6.0, 3.0, 10.0, 10.0, 10.0, 0.0, 0.0, 10.0, 0.0, 0.0, 1.0, 0.0, 0.0, 0.0, 0.0, 0.0, 0.0, 0.0, 0.0, 0.0, 0.0, 0.0, 0.0, 0.0, 0.0, 0.0, 0.0, 1.0, 0.0, 0.0, 0.0, 0.0, 0.0, 0.0, 0.0, 0.0, 0.0, 0.0, 1.0, 0.0, 0.0, 0.0, 0.0, 1.0, 0.0, 0.0, 0.0, 0.0, 0.0, 0.0, 0.0, 0.0, 0.0, 0.0, 0.0, 0.0, 0.0, 1.0, 0.0, 0.0, 0.0, 0.0, 1.0, 0.0, 0.0, 0.0, 0.0, 0.0, 0.0, 0.0, 1.0, 1.0, 1.0]","['fire_4', 'depot_1', 'fire_3']","[True, True, True]","[10, 10, 10]","[0, 0, 10, 0, 0]","['fire_0', 'depot_2', 'starter_0']","['fire_3', 'depot_2', 'fire_2']"
124,"[0, 7, 8]",0.0,"[5.0, 4.0, 2.0, 0.0, 2.0, 3.0, 6.0, 3.0, 5.0, 3.0, 5.0, 0.0, 5.0, 2.0, 0.0, 2.0, 4.0, 2.0, 3.0, 6.0, 2.0, 10.0, 10.0, 10.0, 0.0, 0.0, 10.0, 0.0, 0.0, 1.0, 0.0, 0.0, 0.0, 0.0, 0.0, 0.0, 0.0, 0.0, 0.0, 0.0, 0.0, 0.0, 0.0, 0.0, 0.0, 0.0, 1.0, 0.0, 0.0, 0.0, 0.0, 0.0, 0.0, 0.0, 0.0, 0.0, 0.0, 1.0, 0.0, 1.0, 0.0, 0.0, 0.0, 0.0, 0.0, 0.0, 0.0, 0.0, 0.0, 0.0, 0.0, 0.0, 0.0, 0.0, 0.0, 0.0, 1.0, 0.0, 0.0, 0.0, 0.0, 0.0, 0.0, 0.0, 1.0, 0.0, 0.0, 0.0, 0.0, 1.0, 1.0, 1.0]","['fire_3', 'depot_1', 'fire_2']","[True, True, True]","[10, 10, 10]","[0, 0, 10, 0, 0]","['fire_0', 'depot_2', 'starter_0']","['fire_0', 'depot_2', 'depot_0']"
125,"[0, 7, 8]",-1.0,"[5.0, 4.0, 2.0, 0.0, 2.0, 3.0, 6.0, 3.0, 5.0, 3.0, 5.0, 0.0, 5.0, 2.0, 0.0, 2.0, 4.0, 2.0, 3.0, 6.0, 2.0, 10.0, 10.0, 10.0, 0.0, 0.0, 10.0, 0.0, 0.0, 1.0, 0.0, 0.0, 0.0, 0.0, 0.0, 0.0, 0.0, 0.0, 0.0, 0.0, 0.0, 0.0, 0.0, 0.0, 0.0, 0.0, 1.0, 0.0, 0.0, 0.0, 0.0, 0.0, 0.0, 0.0, 0.0, 0.0, 0.0, 1.0, 0.0, 1.0, 0.0, 0.0, 0.0, 0.0, 0.0, 0.0, 0.0, 0.0, 0.0, 0.0, 0.0, 0.0, 0.0, 0.0, 0.0, 0.0, 1.0, 0.0, 0.0, 0.0, 0.0, 0.0, 0.0, 0.0, 1.0, 0.0, 0.0, 0.0, 0.0, 1.0, 1.0, 1.0]","['fire_3', 'depot_1', 'fire_2']","[True, True, True]","[10, 10, 10]","[0, 0, 10, 0, 0]","['fire_0', 'depot_2', 'starter_0']","['fire_0', 'depot_2', 'depot_0']"
126,"[0, 5, 8]",0.0,"[5.0, 4.0, 2.0, 0.0, 2.0, 3.0, 10.0, 7.0, 7.0, 5.0, 3.0, 0.0, 3.0, 4.0, 2.0, 4.0, 6.0, 0.0, 3.0, 7.0, 5.0, 10.0, 10.0, 10.0, 0.0, 0.0, 10.0, 0.0, 0.0, 1.0, 0.0, 0.0, 0.0, 0.0, 0.0, 0.0, 0.0, 0.0, 0.0, 0.0, 0.0, 0.0, 0.0, 0.0, 0.0, 0.0, 0.0, 0.0, 0.0, 0.0, 0.0, 0.0, 0.0, 0.0, 0.0, 0.0, 0.0, 1.0, 0.0, 1.0, 0.0, 0.0, 0.0, 0.0, 0.0, 0.0, 0.0, 0.0, 0.0, 0.0, 0.0, 0.0, 0.0, 0.0, 0.0, 0.0, 0.0, 0.0, 0.0, 0.0, 0.0, 0.0, 0.0, 0.0, 0.0, 0.0, 0.0, 1.0, 0.0, 1.0, 0.0, 1.0]","['fire_3', 'depot_2', 'depot_0']","[True, False, True]","[10, 10, 10]","[0, 0, 10, 0, 0]","['fire_0', 'None', 'starter_0']","['fire_0', 'None', 'starter_0']"
127,"[0, 5, 8]",-0.5,"[5.0, 4.0, 2.0, 0.0, 2.0, 3.0, 10.0, 7.0, 7.0, 5.0, 3.0, 0.0, 2.0, 5.0, 3.0, 5.0, 7.0, 1.0, 3.0, 7.0, 8.0, 10.0, 10.0, 10.0, 0.0, 0.0, 10.0, 0.0, 0.0, 1.0, 0.0, 0.0, 0.0, 0.0, 0.0, 0.0, 0.0, 0.0, 0.0, 0.0, 0.0, 0.0, 0.0, 0.0, 1.0, 0.0, 0.0, 0.0, 0.0, 0.0, 0.0, 0.0, 0.0, 0.0, 0.0, 0.0, 0.0, 0.0, 0.0, 1.0, 0.0, 0.0, 0.0, 0.0, 0.0, 0.0, 0.0, 0.0, 0.0, 0.0, 0.0, 0.0, 0.0, 0.0, 0.0, 1.0, 0.0, 0.0, 0.0, 0.0, 0.0, 0.0, 0.0, 0.0, 0.0, 0.0, 0.0, 0.0, 0.0, 1.0, 1.0, 0.0]","['fire_3', 'depot_2', 'starter_0']","[True, True, False]","[10, 10, 10]","[0, 0, 10, 0, 0]","['fire_0', 'depot_0', 'None']","['fire_0', 'depot_1', 'None']"
128,"[0, 5, 0]",0.0,"[5.0, 4.0, 2.0, 0.0, 2.0, 3.0, 10.0, 7.0, 7.0, 5.0, 3.0, 0.0, 2.0, 5.0, 3.0, 5.0, 7.0, 1.0, 3.0, 7.0, 8.0, 10.0, 10.0, 10.0, 0.0, 0.0, 10.0, 0.0, 0.0, 1.0, 0.0, 0.0, 0.0, 0.0, 0.0, 0.0, 0.0, 0.0, 0.0, 0.0, 0.0, 0.0, 0.0, 0.0, 1.0, 0.0, 0.0, 0.0, 0.0, 0.0, 0.0, 0.0, 0.0, 0.0, 0.0, 0.0, 0.0, 0.0, 0.0, 1.0, 0.0, 0.0, 0.0, 0.0, 0.0, 0.0, 0.0, 0.0, 0.0, 0.0, 0.0, 0.0, 0.0, 0.0, 0.0, 1.0, 0.0, 0.0, 0.0, 0.0, 0.0, 0.0, 0.0, 0.0, 0.0, 0.0, 0.0, 0.0, 0.0, 1.0, 1.0, 0.0]","['fire_3', 'depot_2', 'starter_0']","[True, True, False]","[10, 10, 10]","[0, 0, 10, 0, 0]","['fire_0', 'depot_0', 'None']","['fire_0', 'depot_1', 'None']"
129,"[3, 5, 0]",0.0,"[0.0, 3.0, 5.0, 5.0, 7.0, 3.0, 10.0, 7.0, 7.0, 5.0, 3.0, 0.0, 2.0, 5.0, 3.0, 5.0, 7.0, 1.0, 0.0, 7.0, 8.0, 10.0, 10.0, 10.0, 0.0, 0.0, 10.0, 0.0, 0.0, 0.0, 0.0, 0.0, 0.0, 0.0, 0.0, 0.0, 0.0, 0.0, 0.0, 0.0, 0.0, 0.0, 0.0, 0.0, 1.0, 0.0, 0.0, 0.0, 0.0, 1.0, 0.0, 0.0, 0.0, 0.0, 0.0, 0.0, 0.0, 0.0, 0.0, 0.0, 0.0, 0.0, 0.0, 0.0, 0.0, 0.0, 0.0, 0.0, 0.0, 0.0, 0.0, 0.0, 0.0, 0.0, 0.0, 1.0, 0.0, 0.0, 0.0, 1.0, 0.0, 0.0, 0.0, 0.0, 0.0, 0.0, 0.0, 0.0, 0.0, 0.0, 1.0, 1.0]","['fire_0', 'depot_2', 'starter_0']","[False, True, True]","[10, 10, 10]","[0, 0, 10, 0, 0]","['None', 'depot_0', 'fire_0']","['None', 'depot_1', 'fire_0']"
130,"[3, 5, 0]",0.0,"[0.0, 3.0, 5.0, 5.0, 7.0, 3.0, 10.0, 7.0, 7.0, 5.0, 3.0, 0.0, 2.0, 5.0, 3.0, 5.0, 7.0, 1.0, 0.0, 7.0, 8.0, 10.0, 10.0, 10.0, 0.0, 0.0, 10.0, 0.0, 0.0, 0.0, 0.0, 0.0, 1.0, 0.0, 0.0, 0.0, 0.0, 0.0, 0.0, 0.0, 0.0, 0.0, 0.0, 0.0, 1.0, 0.0, 0.0, 0.0, 0.0, 1.0, 0.0, 0.0, 0.0, 0.0, 0.0, 0.0, 0.0, 0.0, 0.0, 0.0, 0.0, 0.0, 1.0, 0.0, 0.0, 0.0, 0.0, 0.0, 0.0, 0.0, 0.0, 0.0, 0.0, 0.0, 0.0, 1.0, 0.0, 0.0, 0.0, 1.0, 0.0, 0.0, 0.0, 0.0, 0.0, 0.0, 0.0, 0.0, 0.0, 1.0, 1.0, 1.0]","['fire_0', 'depot_2', 'starter_0']","[True, True, True]","[10, 10, 10]","[0, 0, 10, 0, 0]","['fire_3', 'depot_0', 'fire_0']","['fire_3', 'depot_1', 'fire_0']"
131,"[3, 5, 0]",-1.0,"[0.0, 3.0, 5.0, 5.0, 7.0, 3.0, 6.0, 3.0, 5.0, 3.0, 5.0, 0.0, 0.0, 3.0, 5.0, 5.0, 7.0, 3.0, 0.0, 6.0, 0.0, 10.0, 10.0, 10.0, 0.0, 0.0, 10.0, 0.0, 0.0, 0.0, 0.0, 0.0, 1.0, 0.0, 0.0, 0.0, 0.0, 0.0, 0.0, 0.0, 0.0, 0.0, 0.0, 0.0, 1.0, 0.0, 0.0, 0.0, 0.0, 0.0, 0.0, 0.0, 0.0, 0.0, 0.0, 0.0, 0.0, 0.0, 0.0, 0.0, 0.0, 0.0, 1.0, 0.0, 0.0, 0.0, 0.0, 0.0, 0.0, 0.0, 0.0, 0.0, 0.0, 0.0, 1.0, 0.0, 0.0, 0.0, 0.0, 0.0, 0.0, 0.0, 0.0, 0.0, 0.0, 0.0, 0.0, 0.0, 0.0, 1.0, 1.0, 0.0]","['fire_0', 'depot_1', 'fire_0']","[True, True, False]","[10, 10, 10]","[0, 0, 10, 0, 0]","['fire_3', 'depot_0', 'None']","['fire_3', 'depot_0', 'None']"
132,"[3, 5, 0]",-1.0,"[0.0, 3.0, 5.0, 5.0, 7.0, 3.0, 6.0, 3.0, 5.0, 3.0, 5.0, 0.0, 0.0, 3.0, 5.0, 5.0, 7.0, 3.0, 0.0, 6.0, 0.0, 10.0, 10.0, 10.0, 0.0, 0.0, 10.0, 0.0, 0.0, 0.0, 0.0, 0.0, 1.0, 0.0, 0.0, 0.0, 0.0, 0.0, 0.0, 0.0, 0.0, 0.0, 0.0, 0.0, 1.0, 0.0, 0.0, 0.0, 0.0, 0.0, 0.0, 0.0, 0.0, 0.0, 0.0, 0.0, 0.0, 0.0, 0.0, 0.0, 0.0, 0.0, 1.0, 0.0, 0.0, 0.0, 0.0, 0.0, 0.0, 0.0, 0.0, 0.0, 0.0, 0.0, 1.0, 0.0, 0.0, 0.0, 0.0, 0.0, 0.0, 0.0, 0.0, 0.0, 0.0, 0.0, 0.0, 0.0, 0.0, 1.0, 1.0, 0.0]","['fire_0', 'depot_1', 'fire_0']","[True, True, False]","[10, 10, 10]","[0, 0, 10, 0, 0]","['fire_3', 'depot_0', 'None']","['fire_3', 'depot_0', 'None']"
133,"[3, 5, 0]",-2.0,"[0.0, 3.0, 5.0, 5.0, 7.0, 3.0, 6.0, 3.0, 5.0, 3.0, 5.0, 0.0, 0.0, 3.0, 5.0, 5.0, 7.0, 3.0, 0.0, 6.0, 0.0, 10.0, 10.0, 10.0, 0.0, 0.0, 10.0, 0.0, 0.0, 0.0, 0.0, 0.0, 1.0, 0.0, 0.0, 0.0, 0.0, 0.0, 0.0, 0.0, 0.0, 0.0, 0.0, 0.0, 1.0, 0.0, 0.0, 0.0, 0.0, 0.0, 0.0, 0.0, 0.0, 0.0, 0.0, 0.0, 0.0, 0.0, 0.0, 0.0, 0.0, 0.0, 1.0, 0.0, 0.0, 0.0, 0.0, 0.0, 0.0, 0.0, 0.0, 0.0, 0.0, 0.0, 1.0, 0.0, 0.0, 0.0, 0.0, 0.0, 0.0, 0.0, 0.0, 0.0, 0.0, 0.0, 0.0, 0.0, 0.0, 1.0, 1.0, 0.0]","['fire_0', 'depot_1', 'fire_0']","[True, True, False]","[10, 10, 10]","[0, 0, 10, 0, 0]","['fire_3', 'depot_0', 'None']","['fire_3', 'depot_0', 'None']"
134,"[3, 0, 4]",0.0,"[0.0, 3.0, 5.0, 5.0, 7.0, 3.0, 3.0, 4.0, 2.0, 4.0, 6.0, 0.0, 0.0, 3.0, 5.0, 5.0, 7.0, 3.0, 0.0, 5.0, 0.0, 10.0, 10.0, 10.0, 0.0, 0.0, 10.0, 0.0, 0.0, 0.0, 0.0, 0.0, 1.0, 0.0, 0.0, 0.0, 0.0, 0.0, 0.0, 0.0, 0.0, 0.0, 0.0, 0.0, 0.0, 0.0, 0.0, 0.0, 0.0, 0.0, 0.0, 0.0, 0.0, 0.0, 0.0, 0.0, 0.0, 0.0, 0.0, 0.0, 0.0, 0.0, 1.0, 0.0, 0.0, 0.0, 0.0, 0.0, 0.0, 0.0, 0.0, 0.0, 0.0, 0.0, 0.0, 0.0, 0.0, 0.0, 0.0, 0.0, 0.0, 0.0, 0.0, 0.0, 0.0, 0.0, 0.0, 0.0, 0.0, 1.0, 0.0, 0.0]","['fire_0', 'depot_0', 'fire_0']","[True, False, False]","[10, 10, 10]","[0, 0, 10, 0, 0]","['fire_3', 'None', 'None']","['fire_3', 'None', 'None']"
135,"[8, 0, 4]",-0.5,"[5.0, 4.0, 2.0, 0.0, 2.0, 3.0, 3.0, 4.0, 2.0, 4.0, 6.0, 0.0, 0.0, 3.0, 5.0, 5.0, 7.0, 3.0, 3.0, 5.0, 0.0, 10.0, 10.0, 10.0, 0.0, 0.0, 10.0, 0.0, 0.0, 0.0, 0.0, 0.0, 0.0, 0.0, 0.0, 0.0, 0.0, 0.0, 0.0, 1.0, 0.0, 0.0, 0.0, 0.0, 0.0, 0.0, 0.0, 0.0, 0.0, 0.0, 0.0, 0.0, 0.0, 1.0, 0.0, 0.0, 0.0, 0.0, 0.0, 0.0, 0.0, 0.0, 0.0, 0.0, 0.0, 0.0, 0.0, 0.0, 0.0, 0.0, 0.0, 0.0, 0.0, 0.0, 0.0, 0.0, 0.0, 1.0, 0.0, 0.0, 0.0, 0.0, 1.0, 0.0, 0.0, 0.0, 0.0, 0.0, 0.0, 0.0, 1.0, 1.0]","['fire_3', 'depot_0', 'fire_0']","[False, True, True]","[10, 10, 10]","[0, 0, 10, 0, 0]","['None', 'fire_0', 'fire_4']","['None', 'starter_0', 'fire_3']"
136,"[8, 0, 4]",0.0,"[5.0, 4.0, 2.0, 0.0, 2.0, 3.0, 2.0, 5.0, 3.0, 5.0, 7.0, 1.0, 0.0, 3.0, 5.0, 5.0, 7.0, 3.0, 3.0, 8.0, 0.0, 10.0, 10.0, 10.0, 0.0, 0.0, 10.0, 0.0, 0.0, 0.0, 0.0, 0.0, 0.0, 0.0, 0.0, 0.0, 0.0, 1.0, 0.0, 1.0, 0.0, 0.0, 0.0, 0.0, 0.0, 0.0, 0.0, 0.0, 0.0, 0.0, 0.0, 0.0, 0.0, 1.0, 0.0, 0.0, 0.0, 0.0, 0.0, 0.0, 0.0, 1.0, 0.0, 0.0, 0.0, 0.0, 0.0, 0.0, 0.0, 1.0, 0.0, 0.0, 0.0, 0.0, 0.0, 0.0, 0.0, 0.0, 0.0, 0.0, 0.0, 0.0, 1.0, 0.0, 0.0, 0.0, 0.0, 0.0, 0.0, 1.0, 1.0, 1.0]","['fire_3', 'starter_0', 'fire_0']","[True, True, True]","[10, 10, 10]","[0, 0, 10, 0, 0]","['starter_0', 'fire_0', 'fire_4']","['fire_2', 'fire_0', 'fire_3']"
137,"[8, 0, 4]",0.0,"[5.0, 4.0, 2.0, 0.0, 2.0, 3.0, 2.0, 5.0, 3.0, 5.0, 7.0, 1.0, 0.0, 3.0, 5.0, 5.0, 7.0, 3.0, 3.0, 8.0, 0.0, 10.0, 10.0, 10.0, 0.0, 0.0, 10.0, 0.0, 0.0, 0.0, 0.0, 0.0, 0.0, 0.0, 0.0, 0.0, 0.0, 1.0, 0.0, 1.0, 0.0, 0.0, 0.0, 0.0, 0.0, 0.0, 0.0, 0.0, 0.0, 0.0, 0.0, 0.0, 0.0, 1.0, 0.0, 0.0, 0.0, 0.0, 0.0, 0.0, 0.0, 1.0, 0.0, 0.0, 0.0, 0.0, 0.0, 0.0, 0.0, 1.0, 0.0, 0.0, 0.0, 0.0, 0.0, 0.0, 0.0, 0.0, 0.0, 0.0, 0.0, 0.0, 1.0, 0.0, 0.0, 0.0, 0.0, 0.0, 0.0, 1.0, 1.0, 1.0]","['fire_3', 'starter_0', 'fire_0']","[True, True, True]","[10, 10, 10]","[0, 0, 10, 0, 0]","['starter_0', 'fire_0', 'fire_4']","['fire_2', 'fire_0', 'fire_3']"
138,"[8, 4, 4]",0.0,"[5.0, 2.0, 0.0, 2.0, 4.0, 2.0, 0.0, 3.0, 5.0, 5.0, 7.0, 3.0, 0.0, 3.0, 5.0, 5.0, 7.0, 3.0, 2.0, 0.0, 0.0, 10.0, 10.0, 10.0, 0.0, 0.0, 10.0, 0.0, 0.0, 0.0, 0.0, 0.0, 0.0, 0.0, 0.0, 0.0, 0.0, 1.0, 0.0, 0.0, 0.0, 0.0, 0.0, 0.0, 0.0, 0.0, 0.0, 0.0, 0.0, 0.0, 0.0, 0.0, 0.0, 1.0, 0.0, 0.0, 0.0, 0.0, 0.0, 0.0, 0.0, 0.0, 0.0, 0.0, 1.0, 0.0, 0.0, 0.0, 0.0, 0.0, 0.0, 0.0, 0.0, 0.0, 0.0, 0.0, 0.0, 0.0, 0.0, 0.0, 0.0, 0.0, 1.0, 0.0, 0.0, 0.0, 0.0, 0.0, 0.0, 1.0, 0.0, 1.0]","['fire_2', 'fire_0', 'fire_0']","[True, False, True]","[10, 10, 10]","[0, 0, 10, 0, 0]","['starter_0', 'None', 'fire_4']","['depot_0', 'None', 'fire_3']"
139,"[8, 4, 4]",-0.5,"[5.0, 2.0, 0.0, 2.0, 4.0, 2.0, 0.0, 3.0, 5.0, 5.0, 7.0, 3.0, 0.0, 3.0, 5.0, 5.0, 7.0, 3.0, 2.0, 0.0, 0.0, 10.0, 10.0, 10.0, 0.0, 0.0, 10.0, 0.0, 0.0, 0.0, 0.0, 0.0, 0.0, 0.0, 0.0, 0.0, 0.0, 1.0, 0.0, 0.0, 0.0, 0.0, 0.0, 1.0, 0.0, 0.0, 0.0, 0.0, 0.0, 0.0, 0.0, 0.0, 0.0, 1.0, 0.0, 0.0, 0.0, 0.0, 0.0, 0.0, 0.0, 0.0, 0.0, 0.0, 1.0, 0.0, 0.0, 0.0, 0.0, 0.0, 0.0, 0.0, 1.0, 0.0, 0.0, 0.0, 0.0, 0.0, 0.0, 0.0, 0.0, 0.0, 1.0, 0.0, 0.0, 0.0, 0.0, 0.0, 0.0, 1.0, 1.0, 1.0]","['fire_2', 'fire_0', 'fire_0']","[True, True, True]","[10, 10, 10]","[0, 0, 10, 0, 0]","['starter_0', 'fire_4', 'fire_4']","['depot_0', 'fire_3', 'fire_3']"
140,"[8, 4, 4]",0.0,"[3.0, 4.0, 2.0, 4.0, 6.0, 0.0, 0.0, 3.0, 5.0, 5.0, 7.0, 3.0, 5.0, 4.0, 2.0, 0.0, 2.0, 3.0, 5.0, 0.0, 3.0, 10.0, 10.0, 10.0, 0.0, 0.0, 10.0, 0.0, 0.0, 0.0, 0.0, 0.0, 0.0, 0.0, 0.0, 0.0, 0.0, 1.0, 0.0, 0.0, 0.0, 0.0, 0.0, 1.0, 0.0, 0.0, 0.0, 0.0, 0.0, 0.0, 0.0, 0.0, 0.0, 1.0, 0.0, 0.0, 0.0, 0.0, 0.0, 0.0, 0.0, 0.0, 0.0, 0.0, 0.0, 0.0, 0.0, 1.0, 0.0, 0.0, 0.0, 0.0, 1.0, 0.0, 0.0, 0.0, 0.0, 0.0, 0.0, 0.0, 0.0, 0.0, 0.0, 1.0, 0.0, 0.0, 0.0, 0.0, 0.0, 1.0, 1.0, 1.0]","['depot_0', 'fire_0', 'fire_3']","[True, True, True]","[10, 10, 10]","[0, 0, 10, 0, 0]","['starter_0', 'fire_4', 'fire_4']","['starter_0', 'fire_3', 'fire_4']"
141,"[4, 4, 4]",0.0,"[2.0, 5.0, 3.0, 5.0, 7.0, 1.0, 0.0, 3.0, 5.0, 5.0, 7.0, 3.0, 5.0, 4.0, 2.0, 0.0, 2.0, 3.0, 8.0, 0.0, 3.0, 10.0, 10.0, 10.0, 0.0, 0.0, 10.0, 0.0, 0.0, 0.0, 0.0, 0.0, 0.0, 0.0, 0.0, 0.0, 0.0, 0.0, 0.0, 0.0, 0.0, 0.0, 0.0, 1.0, 0.0, 0.0, 0.0, 0.0, 0.0, 0.0, 0.0, 0.0, 0.0, 1.0, 0.0, 0.0, 0.0, 0.0, 0.0, 0.0, 0.0, 0.0, 0.0, 0.0, 0.0, 0.0, 0.0, 0.0, 0.0, 0.0, 0.0, 0.0, 1.0, 0.0, 0.0, 0.0, 0.0, 0.0, 0.0, 0.0, 0.0, 0.0, 0.0, 1.0, 0.0, 0.0, 0.0, 0.0, 0.0, 0.0, 1.0, 1.0]","['starter_0', 'fire_0', 'fire_3']","[False, True, True]","[10, 10, 10]","[0, 0, 10, 0, 0]","['None', 'fire_4', 'fire_4']","['None', 'fire_3', 'fire_4']"
142,"[4, 4, 4]",-1.5,"[2.0, 5.0, 3.0, 5.0, 7.0, 1.0, 0.0, 3.0, 5.0, 5.0, 7.0, 3.0, 7.0, 6.0, 4.0, 2.0, 0.0, 3.0, 8.0, 0.0, 4.0, 10.0, 10.0, 10.0, 0.0, 0.0, 10.0, 0.0, 0.0, 0.0, 0.0, 0.0, 0.0, 1.0, 0.0, 0.0, 0.0, 0.0, 0.0, 0.0, 0.0, 0.0, 0.0, 1.0, 0.0, 0.0, 0.0, 0.0, 0.0, 0.0, 0.0, 0.0, 0.0, 0.0, 0.0, 0.0, 0.0, 0.0, 0.0, 0.0, 0.0, 0.0, 0.0, 0.0, 1.0, 0.0, 0.0, 0.0, 0.0, 0.0, 0.0, 0.0, 1.0, 0.0, 0.0, 0.0, 0.0, 0.0, 0.0, 0.0, 0.0, 0.0, 0.0, 0.0, 0.0, 0.0, 0.0, 0.0, 0.0, 1.0, 1.0, 0.0]","['starter_0', 'fire_0', 'fire_4']","[True, True, False]","[10, 10, 10]","[0, 0, 10, 0, 0]","['fire_4', 'fire_4', 'None']","['depot_0', 'fire_3', 'None']"
143,"[4, 4, 4]",-1.5,"[3.0, 4.0, 2.0, 4.0, 6.0, 0.0, 0.0, 3.0, 5.0, 5.0, 7.0, 3.0, 7.0, 6.0, 4.0, 2.0, 0.0, 3.0, 5.0, 0.0, 4.0, 10.0, 10.0, 10.0, 0.0, 0.0, 10.0, 0.0, 0.0, 0.0, 0.0, 0.0, 0.0, 1.0, 0.0, 0.0, 0.0, 0.0, 0.0, 0.0, 0.0, 0.0, 0.0, 1.0, 0.0, 0.0, 0.0, 0.0, 0.0, 0.0, 0.0, 0.0, 0.0, 0.0, 0.0, 0.0, 0.0, 0.0, 0.0, 0.0, 0.0, 1.0, 0.0, 0.0, 0.0, 0.0, 0.0, 0.0, 0.0, 0.0, 0.0, 0.0, 1.0, 0.0, 0.0, 0.0, 0.0, 0.0, 0.0, 0.0, 0.0, 0.0, 0.0, 0.0, 0.0, 0.0, 0.0, 0.0, 0.0, 1.0, 1.0, 0.0]","['depot_0', 'fire_0', 'fire_4']","[True, True, False]","[10, 10, 10]","[0, 0, 10, 0, 0]","['fire_4', 'fire_4', 'None']","['fire_2', 'fire_3', 'None']"
144,"[4, 4, 4]",-1.5,"[3.0, 4.0, 2.0, 4.0, 6.0, 0.0, 5.0, 4.0, 2.0, 0.0, 2.0, 3.0, 7.0, 6.0, 4.0, 2.0, 0.0, 3.0, 5.0, 3.0, 4.0, 10.0, 10.0, 10.0, 0.0, 0.0, 10.0, 0.0, 0.0, 0.0, 0.0, 0.0, 0.0, 1.0, 0.0, 0.0, 0.0, 0.0, 0.0, 0.0, 0.0, 0.0, 0.0, 1.0, 0.0, 0.0, 0.0, 0.0, 0.0, 0.0, 0.0, 0.0, 0.0, 0.0, 0.0, 0.0, 0.0, 0.0, 0.0, 0.0, 0.0, 1.0, 0.0, 0.0, 0.0, 0.0, 0.0, 0.0, 0.0, 0.0, 0.0, 0.0, 0.0, 1.0, 0.0, 0.0, 0.0, 0.0, 0.0, 0.0, 0.0, 0.0, 0.0, 0.0, 0.0, 0.0, 0.0, 0.0, 0.0, 1.0, 1.0, 0.0]","['depot_0', 'fire_3', 'fire_4']","[True, True, False]","[10, 10, 10]","[0, 0, 10, 0, 0]","['fire_4', 'fire_4', 'None']","['fire_2', 'fire_4', 'None']"
145,"[4, 4, 2]",0.0,"[5.0, 2.0, 0.0, 2.0, 4.0, 2.0, 5.0, 4.0, 2.0, 0.0, 2.0, 3.0, 7.0, 6.0, 4.0, 2.0, 0.0, 3.0, 2.0, 3.0, 4.0, 10.0, 10.0, 10.0, 0.0, 0.0, 10.0, 0.0, 0.0, 0.0, 0.0, 0.0, 0.0, 1.0, 0.0, 0.0, 0.0, 0.0, 0.0, 0.0, 0.0, 0.0, 0.0, 1.0, 0.0, 0.0, 0.0, 0.0, 0.0, 0.0, 0.0, 0.0, 0.0, 0.0, 0.0, 0.0, 0.0, 0.0, 0.0, 0.0, 0.0, 0.0, 1.0, 0.0, 0.0, 0.0, 0.0, 0.0, 0.0, 0.0, 0.0, 0.0, 0.0, 1.0, 0.0, 0.0, 0.0, 0.0, 0.0, 0.0, 0.0, 0.0, 0.0, 0.0, 0.0, 0.0, 0.0, 0.0, 0.0, 1.0, 1.0, 0.0]","['fire_2', 'fire_3', 'fire_4']","[True, True, False]","[10, 10, 10]","[0, 0, 10, 0, 0]","['fire_4', 'fire_4', 'None']","['fire_3', 'fire_4', 'None']"
146,"[4, 4, 2]",-1.5,"[5.0, 2.0, 0.0, 2.0, 4.0, 2.0, 7.0, 6.0, 4.0, 2.0, 0.0, 3.0, 7.0, 6.0, 4.0, 2.0, 0.0, 3.0, 2.0, 4.0, 4.0, 10.0, 10.0, 10.0, 0.0, 0.0, 10.0, 0.0, 0.0, 0.0, 0.0, 0.0, 0.0, 1.0, 0.0, 0.0, 0.0, 0.0, 0.0, 0.0, 0.0, 0.0, 0.0, 0.0, 0.0, 0.0, 0.0, 0.0, 0.0, 0.0, 0.0, 1.0, 0.0, 0.0, 0.0, 0.0, 0.0, 0.0, 0.0, 0.0, 0.0, 0.0, 1.0, 0.0, 0.0, 0.0, 0.0, 0.0, 0.0, 0.0, 0.0, 0.0, 0.0, 0.0, 0.0, 0.0, 0.0, 0.0, 0.0, 0.0, 0.0, 0.0, 1.0, 0.0, 0.0, 0.0, 0.0, 0.0, 0.0, 1.0, 0.0, 1.0]","['fire_2', 'fire_4', 'fire_4']","[True, False, True]","[10, 10, 10]","[0, 0, 10, 0, 0]","['fire_4', 'None', 'fire_2']","['fire_3', 'None', 'fire_3']"
147,"[4, 4, 2]",-1.0,"[5.0, 4.0, 2.0, 0.0, 2.0, 3.0, 7.0, 6.0, 4.0, 2.0, 0.0, 3.0, 7.0, 6.0, 4.0, 2.0, 0.0, 3.0, 3.0, 4.0, 4.0, 10.0, 10.0, 10.0, 0.0, 0.0, 10.0, 0.0, 0.0, 0.0, 0.0, 0.0, 0.0, 1.0, 0.0, 0.0, 0.0, 0.0, 0.0, 0.0, 0.0, 0.0, 0.0, 0.0, 0.0, 0.0, 0.0, 0.0, 0.0, 0.0, 0.0, 1.0, 0.0, 0.0, 0.0, 0.0, 0.0, 0.0, 0.0, 0.0, 0.0, 0.0, 0.0, 1.0, 0.0, 0.0, 0.0, 0.0, 0.0, 0.0, 0.0, 0.0, 0.0, 0.0, 0.0, 0.0, 0.0, 0.0, 0.0, 0.0, 0.0, 0.0, 1.0, 0.0, 0.0, 0.0, 0.0, 0.0, 0.0, 1.0, 0.0, 1.0]","['fire_3', 'fire_4', 'fire_4']","[True, False, True]","[10, 10, 10]","[0, 0, 10, 0, 0]","['fire_4', 'None', 'fire_2']","['fire_4', 'None', 'fire_3']"
148,"[4, 7, 2]",0.0,"[5.0, 4.0, 2.0, 0.0, 2.0, 3.0, 7.0, 6.0, 4.0, 2.0, 0.0, 3.0, 5.0, 4.0, 2.0, 0.0, 2.0, 3.0, 3.0, 4.0, 3.0, 10.0, 10.0, 10.0, 0.0, 0.0, 10.0, 0.0, 0.0, 0.0, 0.0, 0.0, 0.0, 1.0, 0.0, 0.0, 0.0, 0.0, 0.0, 0.0, 0.0, 0.0, 0.0, 0.0, 0.0, 0.0, 0.0, 0.0, 0.0, 0.0, 0.0, 1.0, 0.0, 0.0, 0.0, 0.0, 0.0, 0.0, 0.0, 0.0, 0.0, 0.0, 0.0, 1.0, 0.0, 0.0, 0.0, 0.0, 0.0, 0.0, 0.0, 0.0, 0.0, 0.0, 0.0, 0.0, 0.0, 0.0, 0.0, 0.0, 0.0, 1.0, 0.0, 0.0, 0.0, 0.0, 0.0, 0.0, 0.0, 1.0, 0.0, 1.0]","['fire_3', 'fire_4', 'fire_3']","[True, False, True]","[10, 10, 10]","[0, 0, 10, 0, 0]","['fire_4', 'None', 'fire_2']","['fire_4', 'None', 'fire_2']"
149,"[7, 7, 2]",5.0,"[7.0, 6.0, 4.0, 2.0, 0.0, 3.0, 7.0, 6.0, 4.0, 2.0, 0.0, 3.0, 5.0, 4.0, 2.0, 0.0, 2.0, 3.0, 4.0, 4.0, 3.0, 10.0, 10.0, 10.0, 0.0, 0.0, 10.0, 0.0, 0.0, 0.0, 0.0, 0.0, 0.0, 0.0, 0.0, 0.0, 0.0, 0.0, 0.0, 0.0, 0.0, 0.0, 0.0, 0.0, 0.0, 0.0, 1.0, 0.0, 0.0, 0.0, 0.0, 1.0, 0.0, 0.0, 0.0, 0.0, 0.0, 0.0, 0.0, 0.0, 0.0, 0.0, 0.0, 0.0, 0.0, 0.0, 0.0, 0.0, 0.0, 0.0, 0.0, 0.0, 0.0, 0.0, 0.0, 0.0, 1.0, 0.0, 0.0, 0.0, 0.0, 1.0, 0.0, 0.0, 0.0, 0.0, 0.0, 0.0, 0.0, 0.0, 1.0, 1.0]","['fire_4', 'fire_4', 'fire_3']","[False, True, True]","[10, 10, 10]","[0, 0, 10, 0, 0]","['None', 'depot_2', 'fire_2']","['None', 'depot_2', 'fire_2']"
